session_id,benchmark_name,task_id,counterfactual_density,final_status,consensus_reached,turns_taken,deadlock_count,counterfactual_interventions,intelligibility_level,is_ultra_strong,total_token_cost,duration_seconds
trial_MSCoRe_mscore_sample_01_rep_001_d0_72a6fc,MSCoRe,mscore_sample_01_rep_001,0.0,CONSENSUS,True,5,0,0,STRONG,False,2600,0.251
trial_MSCoRe_mscore_sample_01_rep_001_d33_50d5a2,MSCoRe,mscore_sample_01_rep_001,0.33,CONSENSUS,True,8,0,0,STRONG,False,4160,0.4
trial_MSCoRe_mscore_sample_01_rep_001_d66_d05c9d,MSCoRe,mscore_sample_01_rep_001,0.66,CONSENSUS,True,5,0,0,ULTRA_STRONG,True,2600,0.25
trial_MSCoRe_mscore_sample_01_rep_001_d100_d69e40,MSCoRe,mscore_sample_01_rep_001,1.0,CONSENSUS,True,4,0,0,ULTRA_STRONG,True,2080,0.2
trial_MSCoRe_mscore_sample_02_rep_002_d0_264ffa,MSCoRe,mscore_sample_02_rep_002,0.0,CONSENSUS,True,4,0,0,STRONG,False,2080,0.2
trial_MSCoRe_mscore_sample_02_rep_002_d33_985919,MSCoRe,mscore_sample_02_rep_002,0.33,DEADLOCK,False,6,1,0,STRONG,False,3120,0.3
trial_MSCoRe_mscore_sample_02_rep_002_d66_271ef2,MSCoRe,mscore_sample_02_rep_002,0.66,RESOLVED,True,6,1,1,ULTRA_STRONG,True,3970,0.3
trial_MSCoRe_mscore_sample_02_rep_002_d100_2b2192,MSCoRe,mscore_sample_02_rep_002,1.0,CONSENSUS,True,8,0,0,ULTRA_STRONG,True,4160,0.4
trial_MSCoRe_mscore_sample_03_rep_003_d0_fee9b0,MSCoRe,mscore_sample_03_rep_003,0.0,DEADLOCK,False,9,1,0,STRONG,False,4680,0.45
trial_MSCoRe_mscore_sample_03_rep_003_d33_ddafd1,MSCoRe,mscore_sample_03_rep_003,0.33,DEADLOCK,False,9,1,0,STRONG,False,4680,0.45
trial_MSCoRe_mscore_sample_03_rep_003_d66_355b2f,MSCoRe,mscore_sample_03_rep_003,0.66,CONSENSUS,True,5,0,0,ULTRA_STRONG,True,2600,0.25
trial_MSCoRe_mscore_sample_03_rep_003_d100_f1469c,MSCoRe,mscore_sample_03_rep_003,1.0,CONSENSUS,True,10,0,0,ULTRA_STRONG,True,5200,0.5
trial_MSCoRe_mscore_sample_04_rep_004_d0_cfdc33,MSCoRe,mscore_sample_04_rep_004,0.0,CONSENSUS,True,5,0,0,STRONG,False,2600,0.25
trial_MSCoRe_mscore_sample_04_rep_004_d33_e20611,MSCoRe,mscore_sample_04_rep_004,0.33,DEADLOCK,False,9,1,0,STRONG,False,4680,0.45
trial_MSCoRe_mscore_sample_04_rep_004_d66_90f6e3,MSCoRe,mscore_sample_04_rep_004,0.66,RESOLVED,True,10,1,1,ULTRA_STRONG,True,6050,0.5
trial_MSCoRe_mscore_sample_04_rep_004_d100_5b652f,MSCoRe,mscore_sample_04_rep_004,1.0,RESOLVED,True,7,1,2,ULTRA_STRONG,True,5340,0.35
trial_MSCoRe_mscore_sample_01_rep_005_d0_bfcc8b,MSCoRe,mscore_sample_01_rep_005,0.0,CONSENSUS,True,7,0,0,STRONG,False,3640,0.35
trial_MSCoRe_mscore_sample_01_rep_005_d33_de6d88,MSCoRe,mscore_sample_01_rep_005,0.33,RESOLVED,True,10,1,1,ULTRA_STRONG,True,6050,0.5
trial_MSCoRe_mscore_sample_01_rep_005_d66_02eb01,MSCoRe,mscore_sample_01_rep_005,0.66,CONSENSUS,True,8,0,0,ULTRA_STRONG,True,4160,0.4
trial_MSCoRe_mscore_sample_01_rep_005_d100_4c7e93,MSCoRe,mscore_sample_01_rep_005,1.0,CONSENSUS,True,8,0,0,ULTRA_STRONG,True,4160,0.4
trial_MSCoRe_mscore_sample_02_rep_006_d0_bf6276,MSCoRe,mscore_sample_02_rep_006,0.0,DEADLOCK,False,4,1,0,STRONG,False,2080,0.2
trial_MSCoRe_mscore_sample_02_rep_006_d33_f03a81,MSCoRe,mscore_sample_02_rep_006,0.33,CONSENSUS,True,9,0,0,STRONG,False,4680,0.45
trial_MSCoRe_mscore_sample_02_rep_006_d66_9c0610,MSCoRe,mscore_sample_02_rep_006,0.66,DEADLOCK,False,4,1,0,STRONG,False,2080,0.2
trial_MSCoRe_mscore_sample_02_rep_006_d100_21113e,MSCoRe,mscore_sample_02_rep_006,1.0,CONSENSUS,True,9,0,0,ULTRA_STRONG,True,4680,0.45
trial_MSCoRe_mscore_sample_03_rep_007_d0_27ec67,MSCoRe,mscore_sample_03_rep_007,0.0,DEADLOCK,False,9,1,0,STRONG,False,4680,0.45
trial_MSCoRe_mscore_sample_03_rep_007_d33_c3d6d4,MSCoRe,mscore_sample_03_rep_007,0.33,DEADLOCK,False,7,1,0,STRONG,False,3640,0.35
trial_MSCoRe_mscore_sample_03_rep_007_d66_8000ab,MSCoRe,mscore_sample_03_rep_007,0.66,CONSENSUS,True,4,0,0,ULTRA_STRONG,True,2080,0.2
trial_MSCoRe_mscore_sample_03_rep_007_d100_ba9c1f,MSCoRe,mscore_sample_03_rep_007,1.0,CONSENSUS,True,7,0,0,ULTRA_STRONG,True,3640,0.35
trial_MSCoRe_mscore_sample_04_rep_008_d0_1d66ee,MSCoRe,mscore_sample_04_rep_008,0.0,DEADLOCK,False,6,1,0,STRONG,False,3120,0.3
trial_MSCoRe_mscore_sample_04_rep_008_d33_b7de9b,MSCoRe,mscore_sample_04_rep_008,0.33,CONSENSUS,True,10,0,0,STRONG,False,5200,0.5
trial_MSCoRe_mscore_sample_04_rep_008_d66_a890dc,MSCoRe,mscore_sample_04_rep_008,0.66,CONSENSUS,True,7,0,0,ULTRA_STRONG,True,3640,0.35
trial_MSCoRe_mscore_sample_04_rep_008_d100_3d5d5b,MSCoRe,mscore_sample_04_rep_008,1.0,CONSENSUS,True,4,0,0,ULTRA_STRONG,True,2080,0.2
trial_MSCoRe_mscore_sample_01_rep_009_d0_1b43aa,MSCoRe,mscore_sample_01_rep_009,0.0,DEADLOCK,False,10,1,0,STRONG,False,5200,0.5
trial_MSCoRe_mscore_sample_01_rep_009_d33_0f749d,MSCoRe,mscore_sample_01_rep_009,0.33,DEADLOCK,False,4,1,0,STRONG,False,2080,0.2
trial_MSCoRe_mscore_sample_01_rep_009_d66_087587,MSCoRe,mscore_sample_01_rep_009,0.66,DEADLOCK,False,9,1,0,STRONG,False,4680,0.45
trial_MSCoRe_mscore_sample_01_rep_009_d100_2e9e8f,MSCoRe,mscore_sample_01_rep_009,1.0,CONSENSUS,True,5,0,0,ULTRA_STRONG,True,2600,0.25
trial_MSCoRe_mscore_sample_02_rep_010_d0_10412c,MSCoRe,mscore_sample_02_rep_010,0.0,DEADLOCK,False,9,1,0,STRONG,False,4680,0.45
trial_MSCoRe_mscore_sample_02_rep_010_d33_b8ee59,MSCoRe,mscore_sample_02_rep_010,0.33,CONSENSUS,True,6,0,0,STRONG,False,3120,0.3
trial_MSCoRe_mscore_sample_02_rep_010_d66_fdb2ab,MSCoRe,mscore_sample_02_rep_010,0.66,CONSENSUS,True,5,0,0,ULTRA_STRONG,True,2600,0.25
trial_MSCoRe_mscore_sample_02_rep_010_d100_862650,MSCoRe,mscore_sample_02_rep_010,1.0,CONSENSUS,True,5,0,0,ULTRA_STRONG,True,2600,0.25
trial_MSCoRe_mscore_sample_03_rep_011_d0_88ffb6,MSCoRe,mscore_sample_03_rep_011,0.0,CONSENSUS,True,5,0,0,STRONG,False,2600,0.25
trial_MSCoRe_mscore_sample_03_rep_011_d33_6c2272,MSCoRe,mscore_sample_03_rep_011,0.33,CONSENSUS,True,10,0,0,STRONG,False,5200,0.5
trial_MSCoRe_mscore_sample_03_rep_011_d66_e1bf33,MSCoRe,mscore_sample_03_rep_011,0.66,RESOLVED,True,10,1,1,ULTRA_STRONG,True,6050,0.5
trial_MSCoRe_mscore_sample_03_rep_011_d100_6ee80e,MSCoRe,mscore_sample_03_rep_011,1.0,RESOLVED,True,4,1,2,ULTRA_STRONG,True,3780,0.2
trial_MSCoRe_mscore_sample_04_rep_012_d0_5d4461,MSCoRe,mscore_sample_04_rep_012,0.0,CONSENSUS,True,8,0,0,STRONG,False,4160,0.4
trial_MSCoRe_mscore_sample_04_rep_012_d33_f25513,MSCoRe,mscore_sample_04_rep_012,0.33,CONSENSUS,True,9,0,0,STRONG,False,4680,0.45
trial_MSCoRe_mscore_sample_04_rep_012_d66_b29762,MSCoRe,mscore_sample_04_rep_012,0.66,CONSENSUS,True,4,0,0,ULTRA_STRONG,True,2080,0.2
trial_MSCoRe_mscore_sample_04_rep_012_d100_7f9285,MSCoRe,mscore_sample_04_rep_012,1.0,RESOLVED,True,9,1,2,ULTRA_STRONG,True,6380,0.45
trial_MSCoRe_mscore_sample_01_rep_013_d0_1f24d0,MSCoRe,mscore_sample_01_rep_013,0.0,CONSENSUS,True,5,0,0,STRONG,False,2600,0.25
trial_MSCoRe_mscore_sample_01_rep_013_d33_b1013c,MSCoRe,mscore_sample_01_rep_013,0.33,DEADLOCK,False,6,1,0,STRONG,False,3120,0.3
trial_MSCoRe_mscore_sample_01_rep_013_d66_af57a6,MSCoRe,mscore_sample_01_rep_013,0.66,RESOLVED,True,6,1,1,ULTRA_STRONG,True,3970,0.3
trial_MSCoRe_mscore_sample_01_rep_013_d100_23008e,MSCoRe,mscore_sample_01_rep_013,1.0,CONSENSUS,True,8,0,0,ULTRA_STRONG,True,4160,0.4
trial_MSCoRe_mscore_sample_02_rep_014_d0_a4be16,MSCoRe,mscore_sample_02_rep_014,0.0,DEADLOCK,False,8,1,0,STRONG,False,4160,0.4
trial_MSCoRe_mscore_sample_02_rep_014_d33_ecc5f6,MSCoRe,mscore_sample_02_rep_014,0.33,CONSENSUS,True,8,0,0,STRONG,False,4160,0.4
trial_MSCoRe_mscore_sample_02_rep_014_d66_4713e3,MSCoRe,mscore_sample_02_rep_014,0.66,CONSENSUS,True,10,0,0,ULTRA_STRONG,True,5200,0.5
trial_MSCoRe_mscore_sample_02_rep_014_d100_a27d6b,MSCoRe,mscore_sample_02_rep_014,1.0,CONSENSUS,True,10,0,0,ULTRA_STRONG,True,5200,0.5
trial_MSCoRe_mscore_sample_03_rep_015_d0_50b4b0,MSCoRe,mscore_sample_03_rep_015,0.0,CONSENSUS,True,5,0,0,STRONG,False,2600,0.25
trial_MSCoRe_mscore_sample_03_rep_015_d33_cf756e,MSCoRe,mscore_sample_03_rep_015,0.33,CONSENSUS,True,7,0,0,STRONG,False,3640,0.35
trial_MSCoRe_mscore_sample_03_rep_015_d66_901d8f,MSCoRe,mscore_sample_03_rep_015,0.66,RESOLVED,True,4,1,1,ULTRA_STRONG,True,2930,0.2
trial_MSCoRe_mscore_sample_03_rep_015_d100_f15cd9,MSCoRe,mscore_sample_03_rep_015,1.0,CONSENSUS,True,5,0,0,ULTRA_STRONG,True,2600,0.25
trial_MSCoRe_mscore_sample_04_rep_016_d0_1d864d,MSCoRe,mscore_sample_04_rep_016,0.0,CONSENSUS,True,8,0,0,STRONG,False,4160,0.4
trial_MSCoRe_mscore_sample_04_rep_016_d33_674dc4,MSCoRe,mscore_sample_04_rep_016,0.33,CONSENSUS,True,7,0,0,STRONG,False,3640,0.35
trial_MSCoRe_mscore_sample_04_rep_016_d66_253c86,MSCoRe,mscore_sample_04_rep_016,0.66,DEADLOCK,False,5,1,0,STRONG,False,2600,0.25
trial_MSCoRe_mscore_sample_04_rep_016_d100_dcfa22,MSCoRe,mscore_sample_04_rep_016,1.0,CONSENSUS,True,6,0,0,ULTRA_STRONG,True,3120,0.3
trial_MSCoRe_mscore_sample_01_rep_017_d0_7b5db0,MSCoRe,mscore_sample_01_rep_017,0.0,CONSENSUS,True,10,0,0,STRONG,False,5200,0.5
trial_MSCoRe_mscore_sample_01_rep_017_d33_42bc4c,MSCoRe,mscore_sample_01_rep_017,0.33,DEADLOCK,False,5,1,0,STRONG,False,2600,0.25
trial_MSCoRe_mscore_sample_01_rep_017_d66_f68a14,MSCoRe,mscore_sample_01_rep_017,0.66,RESOLVED,True,5,1,1,ULTRA_STRONG,True,3450,0.25
trial_MSCoRe_mscore_sample_01_rep_017_d100_6dd2cc,MSCoRe,mscore_sample_01_rep_017,1.0,CONSENSUS,True,9,0,0,ULTRA_STRONG,True,4680,0.45
trial_MSCoRe_mscore_sample_02_rep_018_d0_72552e,MSCoRe,mscore_sample_02_rep_018,0.0,CONSENSUS,True,9,0,0,STRONG,False,4680,0.45
trial_MSCoRe_mscore_sample_02_rep_018_d33_5db1fa,MSCoRe,mscore_sample_02_rep_018,0.33,CONSENSUS,True,10,0,0,STRONG,False,5200,0.5
trial_MSCoRe_mscore_sample_02_rep_018_d66_7d6d44,MSCoRe,mscore_sample_02_rep_018,0.66,CONSENSUS,True,9,0,0,ULTRA_STRONG,True,4680,0.45
trial_MSCoRe_mscore_sample_02_rep_018_d100_fd7ef3,MSCoRe,mscore_sample_02_rep_018,1.0,CONSENSUS,True,9,0,0,ULTRA_STRONG,True,4680,0.45
trial_MSCoRe_mscore_sample_03_rep_019_d0_4c07fa,MSCoRe,mscore_sample_03_rep_019,0.0,DEADLOCK,False,4,1,0,STRONG,False,2080,0.2
trial_MSCoRe_mscore_sample_03_rep_019_d33_4ecb15,MSCoRe,mscore_sample_03_rep_019,0.33,CONSENSUS,True,4,0,0,STRONG,False,2080,0.2
trial_MSCoRe_mscore_sample_03_rep_019_d66_9d8e9e,MSCoRe,mscore_sample_03_rep_019,0.66,CONSENSUS,True,4,0,0,ULTRA_STRONG,True,2080,0.2
trial_MSCoRe_mscore_sample_03_rep_019_d100_0eae4a,MSCoRe,mscore_sample_03_rep_019,1.0,CONSENSUS,True,4,0,0,ULTRA_STRONG,True,2080,0.2
trial_MSCoRe_mscore_sample_04_rep_020_d0_37429b,MSCoRe,mscore_sample_04_rep_020,0.0,CONSENSUS,True,5,0,0,STRONG,False,2600,0.25
trial_MSCoRe_mscore_sample_04_rep_020_d33_c2bde6,MSCoRe,mscore_sample_04_rep_020,0.33,RESOLVED,True,7,1,1,ULTRA_STRONG,True,4490,0.35
trial_MSCoRe_mscore_sample_04_rep_020_d66_e93a35,MSCoRe,mscore_sample_04_rep_020,0.66,RESOLVED,True,8,1,1,ULTRA_STRONG,True,5010,0.4
trial_MSCoRe_mscore_sample_04_rep_020_d100_9a40fb,MSCoRe,mscore_sample_04_rep_020,1.0,RESOLVED,True,7,1,2,ULTRA_STRONG,True,5340,0.35
trial_MSCoRe_mscore_sample_01_rep_021_d0_d02cec,MSCoRe,mscore_sample_01_rep_021,0.0,CONSENSUS,True,6,0,0,STRONG,False,3120,0.3
trial_MSCoRe_mscore_sample_01_rep_021_d33_21e471,MSCoRe,mscore_sample_01_rep_021,0.33,DEADLOCK,False,8,1,0,STRONG,False,4160,0.4
trial_MSCoRe_mscore_sample_01_rep_021_d66_daccae,MSCoRe,mscore_sample_01_rep_021,0.66,CONSENSUS,True,6,0,0,ULTRA_STRONG,True,3120,0.3
trial_MSCoRe_mscore_sample_01_rep_021_d100_90ade1,MSCoRe,mscore_sample_01_rep_021,1.0,CONSENSUS,True,8,0,0,ULTRA_STRONG,True,4160,0.4
trial_MSCoRe_mscore_sample_02_rep_022_d0_25aa52,MSCoRe,mscore_sample_02_rep_022,0.0,DEADLOCK,False,5,1,0,STRONG,False,2600,0.25
trial_MSCoRe_mscore_sample_02_rep_022_d33_54d8ea,MSCoRe,mscore_sample_02_rep_022,0.33,DEADLOCK,False,9,1,0,STRONG,False,4680,0.45
trial_MSCoRe_mscore_sample_02_rep_022_d66_e23694,MSCoRe,mscore_sample_02_rep_022,0.66,RESOLVED,True,4,1,1,ULTRA_STRONG,True,2930,0.2
trial_MSCoRe_mscore_sample_02_rep_022_d100_c08140,MSCoRe,mscore_sample_02_rep_022,1.0,RESOLVED,True,6,1,2,ULTRA_STRONG,True,4820,0.3
trial_MSCoRe_mscore_sample_03_rep_023_d0_f32fa4,MSCoRe,mscore_sample_03_rep_023,0.0,CONSENSUS,True,10,0,0,STRONG,False,5200,0.5
trial_MSCoRe_mscore_sample_03_rep_023_d33_59d704,MSCoRe,mscore_sample_03_rep_023,0.33,CONSENSUS,True,6,0,0,STRONG,False,3120,0.3
trial_MSCoRe_mscore_sample_03_rep_023_d66_5f74fe,MSCoRe,mscore_sample_03_rep_023,0.66,DEADLOCK,False,4,1,0,STRONG,False,2080,0.2
trial_MSCoRe_mscore_sample_03_rep_023_d100_9ce2e6,MSCoRe,mscore_sample_03_rep_023,1.0,RESOLVED,True,7,1,2,ULTRA_STRONG,True,5340,0.35
trial_MSCoRe_mscore_sample_04_rep_024_d0_9a719f,MSCoRe,mscore_sample_04_rep_024,0.0,CONSENSUS,True,8,0,0,STRONG,False,4160,0.4
trial_MSCoRe_mscore_sample_04_rep_024_d33_e9a4d0,MSCoRe,mscore_sample_04_rep_024,0.33,RESOLVED,True,10,1,1,ULTRA_STRONG,True,6050,0.5
trial_MSCoRe_mscore_sample_04_rep_024_d66_64b326,MSCoRe,mscore_sample_04_rep_024,0.66,RESOLVED,True,7,1,1,ULTRA_STRONG,True,4490,0.35
trial_MSCoRe_mscore_sample_04_rep_024_d100_ec5cff,MSCoRe,mscore_sample_04_rep_024,1.0,RESOLVED,True,10,1,2,ULTRA_STRONG,True,6900,0.5
trial_MSCoRe_mscore_sample_01_rep_025_d0_fcdfbb,MSCoRe,mscore_sample_01_rep_025,0.0,DEADLOCK,False,4,1,0,STRONG,False,2080,0.2
trial_MSCoRe_mscore_sample_01_rep_025_d33_4179dc,MSCoRe,mscore_sample_01_rep_025,0.33,CONSENSUS,True,7,0,0,STRONG,False,3640,0.35
trial_MSCoRe_mscore_sample_01_rep_025_d66_a99a4b,MSCoRe,mscore_sample_01_rep_025,0.66,CONSENSUS,True,9,0,0,ULTRA_STRONG,True,4680,0.45
trial_MSCoRe_mscore_sample_01_rep_025_d100_438706,MSCoRe,mscore_sample_01_rep_025,1.0,CONSENSUS,True,8,0,0,ULTRA_STRONG,True,4160,0.4
trial_MSCoRe_mscore_sample_02_rep_026_d0_d34296,MSCoRe,mscore_sample_02_rep_026,0.0,DEADLOCK,False,10,1,0,STRONG,False,5200,0.5
trial_MSCoRe_mscore_sample_02_rep_026_d33_0c34b4,MSCoRe,mscore_sample_02_rep_026,0.33,CONSENSUS,True,4,0,0,STRONG,False,2080,0.2
trial_MSCoRe_mscore_sample_02_rep_026_d66_29bfad,MSCoRe,mscore_sample_02_rep_026,0.66,RESOLVED,True,5,1,1,ULTRA_STRONG,True,3450,0.25
trial_MSCoRe_mscore_sample_02_rep_026_d100_b1cae3,MSCoRe,mscore_sample_02_rep_026,1.0,DEADLOCK,False,8,1,0,STRONG,False,4160,0.4
trial_MSCoRe_mscore_sample_03_rep_027_d0_b8bdb7,MSCoRe,mscore_sample_03_rep_027,0.0,CONSENSUS,True,5,0,0,STRONG,False,2600,0.25
trial_MSCoRe_mscore_sample_03_rep_027_d33_580445,MSCoRe,mscore_sample_03_rep_027,0.33,CONSENSUS,True,9,0,0,STRONG,False,4680,0.45
trial_MSCoRe_mscore_sample_03_rep_027_d66_367092,MSCoRe,mscore_sample_03_rep_027,0.66,CONSENSUS,True,6,0,0,ULTRA_STRONG,True,3120,0.3
trial_MSCoRe_mscore_sample_03_rep_027_d100_e3cf83,MSCoRe,mscore_sample_03_rep_027,1.0,CONSENSUS,True,6,0,0,ULTRA_STRONG,True,3120,0.3
trial_MSCoRe_mscore_sample_04_rep_028_d0_71eb98,MSCoRe,mscore_sample_04_rep_028,0.0,CONSENSUS,True,8,0,0,STRONG,False,4160,0.4
trial_MSCoRe_mscore_sample_04_rep_028_d33_594841,MSCoRe,mscore_sample_04_rep_028,0.33,DEADLOCK,False,7,1,0,STRONG,False,3640,0.35
trial_MSCoRe_mscore_sample_04_rep_028_d66_79e2c1,MSCoRe,mscore_sample_04_rep_028,0.66,CONSENSUS,True,8,0,0,ULTRA_STRONG,True,4160,0.4
trial_MSCoRe_mscore_sample_04_rep_028_d100_1e48b9,MSCoRe,mscore_sample_04_rep_028,1.0,CONSENSUS,True,5,0,0,ULTRA_STRONG,True,2600,0.25
trial_MSCoRe_mscore_sample_01_rep_029_d0_d89288,MSCoRe,mscore_sample_01_rep_029,0.0,CONSENSUS,True,5,0,0,STRONG,False,2600,0.25
trial_MSCoRe_mscore_sample_01_rep_029_d33_099d78,MSCoRe,mscore_sample_01_rep_029,0.33,DEADLOCK,False,9,1,0,STRONG,False,4680,0.45
trial_MSCoRe_mscore_sample_01_rep_029_d66_70b698,MSCoRe,mscore_sample_01_rep_029,0.66,CONSENSUS,True,9,0,0,ULTRA_STRONG,True,4680,0.45
trial_MSCoRe_mscore_sample_01_rep_029_d100_13c7f2,MSCoRe,mscore_sample_01_rep_029,1.0,CONSENSUS,True,7,0,0,ULTRA_STRONG,True,3640,0.35
trial_MSCoRe_mscore_sample_02_rep_030_d0_e97197,MSCoRe,mscore_sample_02_rep_030,0.0,DEADLOCK,False,7,1,0,STRONG,False,3640,0.35
trial_MSCoRe_mscore_sample_02_rep_030_d33_0b6276,MSCoRe,mscore_sample_02_rep_030,0.33,CONSENSUS,True,9,0,0,STRONG,False,4680,0.45
trial_MSCoRe_mscore_sample_02_rep_030_d66_19ee05,MSCoRe,mscore_sample_02_rep_030,0.66,CONSENSUS,True,8,0,0,ULTRA_STRONG,True,4160,0.4
trial_MSCoRe_mscore_sample_02_rep_030_d100_dd4732,MSCoRe,mscore_sample_02_rep_030,1.0,CONSENSUS,True,10,0,0,ULTRA_STRONG,True,5200,0.5
trial_MSCoRe_mscore_sample_03_rep_031_d0_9f1e86,MSCoRe,mscore_sample_03_rep_031,0.0,CONSENSUS,True,5,0,0,STRONG,False,2600,0.25
trial_MSCoRe_mscore_sample_03_rep_031_d33_bd77ec,MSCoRe,mscore_sample_03_rep_031,0.33,CONSENSUS,True,9,0,0,STRONG,False,4680,0.45
trial_MSCoRe_mscore_sample_03_rep_031_d66_9d3de3,MSCoRe,mscore_sample_03_rep_031,0.66,CONSENSUS,True,9,0,0,ULTRA_STRONG,True,4680,0.45
trial_MSCoRe_mscore_sample_03_rep_031_d100_acc6ac,MSCoRe,mscore_sample_03_rep_031,1.0,CONSENSUS,True,10,0,0,ULTRA_STRONG,True,5200,0.5
trial_MSCoRe_mscore_sample_04_rep_032_d0_351a29,MSCoRe,mscore_sample_04_rep_032,0.0,DEADLOCK,False,7,1,0,STRONG,False,3640,0.35
trial_MSCoRe_mscore_sample_04_rep_032_d33_7fa6a3,MSCoRe,mscore_sample_04_rep_032,0.33,DEADLOCK,False,10,1,0,STRONG,False,5200,0.5
trial_MSCoRe_mscore_sample_04_rep_032_d66_4022f2,MSCoRe,mscore_sample_04_rep_032,0.66,DEADLOCK,False,5,1,0,STRONG,False,2600,0.25
trial_MSCoRe_mscore_sample_04_rep_032_d100_ab0722,MSCoRe,mscore_sample_04_rep_032,1.0,CONSENSUS,True,7,0,0,ULTRA_STRONG,True,3640,0.35
trial_MSCoRe_mscore_sample_01_rep_033_d0_99999a,MSCoRe,mscore_sample_01_rep_033,0.0,DEADLOCK,False,4,1,0,STRONG,False,2080,0.2
trial_MSCoRe_mscore_sample_01_rep_033_d33_4449a3,MSCoRe,mscore_sample_01_rep_033,0.33,DEADLOCK,False,6,1,0,STRONG,False,3120,0.3
trial_MSCoRe_mscore_sample_01_rep_033_d66_2892d6,MSCoRe,mscore_sample_01_rep_033,0.66,CONSENSUS,True,8,0,0,ULTRA_STRONG,True,4160,0.4
trial_MSCoRe_mscore_sample_01_rep_033_d100_9ba7e7,MSCoRe,mscore_sample_01_rep_033,1.0,RESOLVED,True,10,1,2,ULTRA_STRONG,True,6900,0.5
trial_MSCoRe_mscore_sample_02_rep_034_d0_db634c,MSCoRe,mscore_sample_02_rep_034,0.0,CONSENSUS,True,7,0,0,STRONG,False,3640,0.35
trial_MSCoRe_mscore_sample_02_rep_034_d33_5d8b35,MSCoRe,mscore_sample_02_rep_034,0.33,CONSENSUS,True,10,0,0,STRONG,False,5200,0.5
trial_MSCoRe_mscore_sample_02_rep_034_d66_0157fd,MSCoRe,mscore_sample_02_rep_034,0.66,RESOLVED,True,8,1,1,ULTRA_STRONG,True,5010,0.4
trial_MSCoRe_mscore_sample_02_rep_034_d100_5af59c,MSCoRe,mscore_sample_02_rep_034,1.0,CONSENSUS,True,8,0,0,ULTRA_STRONG,True,4160,0.4
trial_MSCoRe_mscore_sample_03_rep_035_d0_f9d03d,MSCoRe,mscore_sample_03_rep_035,0.0,CONSENSUS,True,9,0,0,STRONG,False,4680,0.45
trial_MSCoRe_mscore_sample_03_rep_035_d33_f36351,MSCoRe,mscore_sample_03_rep_035,0.33,DEADLOCK,False,8,1,0,STRONG,False,4160,0.4
trial_MSCoRe_mscore_sample_03_rep_035_d66_a9bc5a,MSCoRe,mscore_sample_03_rep_035,0.66,RESOLVED,True,6,1,1,ULTRA_STRONG,True,3970,0.3
trial_MSCoRe_mscore_sample_03_rep_035_d100_a8ef09,MSCoRe,mscore_sample_03_rep_035,1.0,RESOLVED,True,5,1,2,ULTRA_STRONG,True,4300,0.25
trial_MSCoRe_mscore_sample_04_rep_036_d0_003db7,MSCoRe,mscore_sample_04_rep_036,0.0,DEADLOCK,False,10,1,0,STRONG,False,5200,0.5
trial_MSCoRe_mscore_sample_04_rep_036_d33_0610c3,MSCoRe,mscore_sample_04_rep_036,0.33,DEADLOCK,False,10,1,0,STRONG,False,5200,0.5
trial_MSCoRe_mscore_sample_04_rep_036_d66_148c48,MSCoRe,mscore_sample_04_rep_036,0.66,RESOLVED,True,6,1,1,ULTRA_STRONG,True,3970,0.3
trial_MSCoRe_mscore_sample_04_rep_036_d100_2784c4,MSCoRe,mscore_sample_04_rep_036,1.0,CONSENSUS,True,5,0,0,ULTRA_STRONG,True,2600,0.25
trial_MSCoRe_mscore_sample_01_rep_037_d0_8ed1c8,MSCoRe,mscore_sample_01_rep_037,0.0,CONSENSUS,True,5,0,0,STRONG,False,2600,0.25
trial_MSCoRe_mscore_sample_01_rep_037_d33_c5da14,MSCoRe,mscore_sample_01_rep_037,0.33,CONSENSUS,True,9,0,0,STRONG,False,4680,0.45
trial_MSCoRe_mscore_sample_01_rep_037_d66_e540b1,MSCoRe,mscore_sample_01_rep_037,0.66,CONSENSUS,True,9,0,0,ULTRA_STRONG,True,4680,0.45
trial_MSCoRe_mscore_sample_01_rep_037_d100_41afeb,MSCoRe,mscore_sample_01_rep_037,1.0,CONSENSUS,True,5,0,0,ULTRA_STRONG,True,2600,0.25
trial_MSCoRe_mscore_sample_02_rep_038_d0_3089a7,MSCoRe,mscore_sample_02_rep_038,0.0,CONSENSUS,True,6,0,0,STRONG,False,3120,0.3
trial_MSCoRe_mscore_sample_02_rep_038_d33_533b56,MSCoRe,mscore_sample_02_rep_038,0.33,CONSENSUS,True,8,0,0,STRONG,False,4160,0.4
trial_MSCoRe_mscore_sample_02_rep_038_d66_0e4d8a,MSCoRe,mscore_sample_02_rep_038,0.66,CONSENSUS,True,6,0,0,ULTRA_STRONG,True,3120,0.3
trial_MSCoRe_mscore_sample_02_rep_038_d100_24b227,MSCoRe,mscore_sample_02_rep_038,1.0,CONSENSUS,True,8,0,0,ULTRA_STRONG,True,4160,0.4
trial_MSCoRe_mscore_sample_03_rep_039_d0_d07c30,MSCoRe,mscore_sample_03_rep_039,0.0,DEADLOCK,False,9,1,0,STRONG,False,4680,0.45
trial_MSCoRe_mscore_sample_03_rep_039_d33_709e05,MSCoRe,mscore_sample_03_rep_039,0.33,CONSENSUS,True,5,0,0,STRONG,False,2600,0.25
trial_MSCoRe_mscore_sample_03_rep_039_d66_39cb5e,MSCoRe,mscore_sample_03_rep_039,0.66,RESOLVED,True,7,1,1,ULTRA_STRONG,True,4490,0.35
trial_MSCoRe_mscore_sample_03_rep_039_d100_5ffc5e,MSCoRe,mscore_sample_03_rep_039,1.0,RESOLVED,True,5,1,2,ULTRA_STRONG,True,4300,0.25
trial_MSCoRe_mscore_sample_04_rep_040_d0_8fc001,MSCoRe,mscore_sample_04_rep_040,0.0,CONSENSUS,True,8,0,0,STRONG,False,4160,0.4
trial_MSCoRe_mscore_sample_04_rep_040_d33_38e7bc,MSCoRe,mscore_sample_04_rep_040,0.33,DEADLOCK,False,8,1,0,STRONG,False,4160,0.4
trial_MSCoRe_mscore_sample_04_rep_040_d66_6d302f,MSCoRe,mscore_sample_04_rep_040,0.66,CONSENSUS,True,5,0,0,ULTRA_STRONG,True,2600,0.25
trial_MSCoRe_mscore_sample_04_rep_040_d100_6b2840,MSCoRe,mscore_sample_04_rep_040,1.0,RESOLVED,True,8,1,2,ULTRA_STRONG,True,5860,0.4
trial_MSCoRe_mscore_sample_01_rep_041_d0_65ccb1,MSCoRe,mscore_sample_01_rep_041,0.0,DEADLOCK,False,6,1,0,STRONG,False,3120,0.3
trial_MSCoRe_mscore_sample_01_rep_041_d33_9aa3df,MSCoRe,mscore_sample_01_rep_041,0.33,CONSENSUS,True,6,0,0,STRONG,False,3120,0.3
trial_MSCoRe_mscore_sample_01_rep_041_d66_1fd209,MSCoRe,mscore_sample_01_rep_041,0.66,RESOLVED,True,10,1,1,ULTRA_STRONG,True,6050,0.5
trial_MSCoRe_mscore_sample_01_rep_041_d100_2608f7,MSCoRe,mscore_sample_01_rep_041,1.0,RESOLVED,True,7,1,2,ULTRA_STRONG,True,5340,0.35
trial_MSCoRe_mscore_sample_02_rep_042_d0_19ba89,MSCoRe,mscore_sample_02_rep_042,0.0,CONSENSUS,True,4,0,0,STRONG,False,2080,0.2
trial_MSCoRe_mscore_sample_02_rep_042_d33_dd07aa,MSCoRe,mscore_sample_02_rep_042,0.33,CONSENSUS,True,6,0,0,STRONG,False,3120,0.3
trial_MSCoRe_mscore_sample_02_rep_042_d66_9e7514,MSCoRe,mscore_sample_02_rep_042,0.66,CONSENSUS,True,9,0,0,ULTRA_STRONG,True,4680,0.45
trial_MSCoRe_mscore_sample_02_rep_042_d100_be0bd8,MSCoRe,mscore_sample_02_rep_042,1.0,RESOLVED,True,9,1,2,ULTRA_STRONG,True,6380,0.45
trial_MSCoRe_mscore_sample_03_rep_043_d0_77f99b,MSCoRe,mscore_sample_03_rep_043,0.0,DEADLOCK,False,9,1,0,STRONG,False,4680,0.45
trial_MSCoRe_mscore_sample_03_rep_043_d33_52a78e,MSCoRe,mscore_sample_03_rep_043,0.33,CONSENSUS,True,9,0,0,STRONG,False,4680,0.45
trial_MSCoRe_mscore_sample_03_rep_043_d66_fc6958,MSCoRe,mscore_sample_03_rep_043,0.66,CONSENSUS,True,6,0,0,ULTRA_STRONG,True,3120,0.3
trial_MSCoRe_mscore_sample_03_rep_043_d100_d8c38c,MSCoRe,mscore_sample_03_rep_043,1.0,CONSENSUS,True,7,0,0,ULTRA_STRONG,True,3640,0.35
trial_MSCoRe_mscore_sample_04_rep_044_d0_01fbd3,MSCoRe,mscore_sample_04_rep_044,0.0,DEADLOCK,False,9,1,0,STRONG,False,4680,0.45
trial_MSCoRe_mscore_sample_04_rep_044_d33_29868f,MSCoRe,mscore_sample_04_rep_044,0.33,CONSENSUS,True,5,0,0,STRONG,False,2600,0.25
trial_MSCoRe_mscore_sample_04_rep_044_d66_adb9f7,MSCoRe,mscore_sample_04_rep_044,0.66,CONSENSUS,True,5,0,0,ULTRA_STRONG,True,2600,0.25
trial_MSCoRe_mscore_sample_04_rep_044_d100_a43598,MSCoRe,mscore_sample_04_rep_044,1.0,RESOLVED,True,9,1,2,ULTRA_STRONG,True,6380,0.45
trial_MSCoRe_mscore_sample_01_rep_045_d0_953ab1,MSCoRe,mscore_sample_01_rep_045,0.0,CONSENSUS,True,5,0,0,STRONG,False,2600,0.25
trial_MSCoRe_mscore_sample_01_rep_045_d33_251780,MSCoRe,mscore_sample_01_rep_045,0.33,CONSENSUS,True,5,0,0,STRONG,False,2600,0.25
trial_MSCoRe_mscore_sample_01_rep_045_d66_bac92d,MSCoRe,mscore_sample_01_rep_045,0.66,CONSENSUS,True,5,0,0,ULTRA_STRONG,True,2600,0.25
trial_MSCoRe_mscore_sample_01_rep_045_d100_a354d5,MSCoRe,mscore_sample_01_rep_045,1.0,CONSENSUS,True,9,0,0,ULTRA_STRONG,True,4680,0.45
trial_MSCoRe_mscore_sample_02_rep_046_d0_d749aa,MSCoRe,mscore_sample_02_rep_046,0.0,DEADLOCK,False,10,1,0,STRONG,False,5200,0.5
trial_MSCoRe_mscore_sample_02_rep_046_d33_a76832,MSCoRe,mscore_sample_02_rep_046,0.33,CONSENSUS,True,10,0,0,STRONG,False,5200,0.5
trial_MSCoRe_mscore_sample_02_rep_046_d66_33ea2f,MSCoRe,mscore_sample_02_rep_046,0.66,CONSENSUS,True,10,0,0,ULTRA_STRONG,True,5200,0.5
trial_MSCoRe_mscore_sample_02_rep_046_d100_e32caa,MSCoRe,mscore_sample_02_rep_046,1.0,CONSENSUS,True,6,0,0,ULTRA_STRONG,True,3120,0.3
trial_MSCoRe_mscore_sample_03_rep_047_d0_e6d6be,MSCoRe,mscore_sample_03_rep_047,0.0,DEADLOCK,False,8,1,0,STRONG,False,4160,0.4
trial_MSCoRe_mscore_sample_03_rep_047_d33_8abaa5,MSCoRe,mscore_sample_03_rep_047,0.33,RESOLVED,True,4,1,1,ULTRA_STRONG,True,2930,0.2
trial_MSCoRe_mscore_sample_03_rep_047_d66_fb809f,MSCoRe,mscore_sample_03_rep_047,0.66,CONSENSUS,True,4,0,0,ULTRA_STRONG,True,2080,0.2
trial_MSCoRe_mscore_sample_03_rep_047_d100_c724ca,MSCoRe,mscore_sample_03_rep_047,1.0,CONSENSUS,True,8,0,0,ULTRA_STRONG,True,4160,0.4
trial_MSCoRe_mscore_sample_04_rep_048_d0_761e44,MSCoRe,mscore_sample_04_rep_048,0.0,DEADLOCK,False,4,1,0,STRONG,False,2080,0.2
trial_MSCoRe_mscore_sample_04_rep_048_d33_2a8a93,MSCoRe,mscore_sample_04_rep_048,0.33,DEADLOCK,False,4,1,0,STRONG,False,2080,0.2
trial_MSCoRe_mscore_sample_04_rep_048_d66_53f3a4,MSCoRe,mscore_sample_04_rep_048,0.66,RESOLVED,True,6,1,1,ULTRA_STRONG,True,3970,0.3
trial_MSCoRe_mscore_sample_04_rep_048_d100_1fb88c,MSCoRe,mscore_sample_04_rep_048,1.0,CONSENSUS,True,9,0,0,ULTRA_STRONG,True,4680,0.45
trial_MSCoRe_mscore_sample_01_rep_049_d0_ef14b9,MSCoRe,mscore_sample_01_rep_049,0.0,CONSENSUS,True,6,0,0,STRONG,False,3120,0.3
trial_MSCoRe_mscore_sample_01_rep_049_d33_94c867,MSCoRe,mscore_sample_01_rep_049,0.33,CONSENSUS,True,6,0,0,STRONG,False,3120,0.3
trial_MSCoRe_mscore_sample_01_rep_049_d66_c07628,MSCoRe,mscore_sample_01_rep_049,0.66,CONSENSUS,True,10,0,0,ULTRA_STRONG,True,5200,0.5
trial_MSCoRe_mscore_sample_01_rep_049_d100_7555c5,MSCoRe,mscore_sample_01_rep_049,1.0,RESOLVED,True,10,1,2,ULTRA_STRONG,True,6900,0.5
trial_MSCoRe_mscore_sample_02_rep_050_d0_bff03e,MSCoRe,mscore_sample_02_rep_050,0.0,CONSENSUS,True,7,0,0,STRONG,False,3640,0.35
trial_MSCoRe_mscore_sample_02_rep_050_d33_a53f72,MSCoRe,mscore_sample_02_rep_050,0.33,DEADLOCK,False,8,1,0,STRONG,False,4160,0.4
trial_MSCoRe_mscore_sample_02_rep_050_d66_f3d81a,MSCoRe,mscore_sample_02_rep_050,0.66,RESOLVED,True,9,1,1,ULTRA_STRONG,True,5530,0.45
trial_MSCoRe_mscore_sample_02_rep_050_d100_9ee273,MSCoRe,mscore_sample_02_rep_050,1.0,RESOLVED,True,6,1,2,ULTRA_STRONG,True,4820,0.3
trial_MSCoRe_mscore_sample_03_rep_051_d0_a10c1e,MSCoRe,mscore_sample_03_rep_051,0.0,DEADLOCK,False,9,1,0,STRONG,False,4680,0.45
trial_MSCoRe_mscore_sample_03_rep_051_d33_9068c3,MSCoRe,mscore_sample_03_rep_051,0.33,CONSENSUS,True,4,0,0,STRONG,False,2080,0.2
trial_MSCoRe_mscore_sample_03_rep_051_d66_f8be38,MSCoRe,mscore_sample_03_rep_051,0.66,DEADLOCK,False,9,1,0,STRONG,False,4680,0.45
trial_MSCoRe_mscore_sample_03_rep_051_d100_9ca4ff,MSCoRe,mscore_sample_03_rep_051,1.0,DEADLOCK,False,7,1,0,STRONG,False,3640,0.35
trial_MSCoRe_mscore_sample_04_rep_052_d0_a7876b,MSCoRe,mscore_sample_04_rep_052,0.0,DEADLOCK,False,4,1,0,STRONG,False,2080,0.2
trial_MSCoRe_mscore_sample_04_rep_052_d33_3939ae,MSCoRe,mscore_sample_04_rep_052,0.33,CONSENSUS,True,6,0,0,STRONG,False,3120,0.3
trial_MSCoRe_mscore_sample_04_rep_052_d66_2f94cc,MSCoRe,mscore_sample_04_rep_052,0.66,DEADLOCK,False,8,1,0,STRONG,False,4160,0.4
trial_MSCoRe_mscore_sample_04_rep_052_d100_89edab,MSCoRe,mscore_sample_04_rep_052,1.0,CONSENSUS,True,9,0,0,ULTRA_STRONG,True,4680,0.45
trial_MSCoRe_mscore_sample_01_rep_053_d0_2dcba7,MSCoRe,mscore_sample_01_rep_053,0.0,DEADLOCK,False,6,1,0,STRONG,False,3120,0.3
trial_MSCoRe_mscore_sample_01_rep_053_d33_758cb3,MSCoRe,mscore_sample_01_rep_053,0.33,CONSENSUS,True,8,0,0,STRONG,False,4160,0.4
trial_MSCoRe_mscore_sample_01_rep_053_d66_42dd7a,MSCoRe,mscore_sample_01_rep_053,0.66,RESOLVED,True,4,1,1,ULTRA_STRONG,True,2930,0.2
trial_MSCoRe_mscore_sample_01_rep_053_d100_f7a643,MSCoRe,mscore_sample_01_rep_053,1.0,RESOLVED,True,6,1,2,ULTRA_STRONG,True,4820,0.3
trial_MSCoRe_mscore_sample_02_rep_054_d0_bc5ed1,MSCoRe,mscore_sample_02_rep_054,0.0,DEADLOCK,False,8,1,0,STRONG,False,4160,0.4
trial_MSCoRe_mscore_sample_02_rep_054_d33_208664,MSCoRe,mscore_sample_02_rep_054,0.33,RESOLVED,True,7,1,1,ULTRA_STRONG,True,4490,0.35
trial_MSCoRe_mscore_sample_02_rep_054_d66_54b24f,MSCoRe,mscore_sample_02_rep_054,0.66,RESOLVED,True,10,1,1,ULTRA_STRONG,True,6050,0.5
trial_MSCoRe_mscore_sample_02_rep_054_d100_0c60ca,MSCoRe,mscore_sample_02_rep_054,1.0,CONSENSUS,True,6,0,0,ULTRA_STRONG,True,3120,0.3
trial_MSCoRe_mscore_sample_03_rep_055_d0_a0e966,MSCoRe,mscore_sample_03_rep_055,0.0,CONSENSUS,True,5,0,0,STRONG,False,2600,0.25
trial_MSCoRe_mscore_sample_03_rep_055_d33_5c5bcd,MSCoRe,mscore_sample_03_rep_055,0.33,DEADLOCK,False,4,1,0,STRONG,False,2080,0.2
trial_MSCoRe_mscore_sample_03_rep_055_d66_ef022b,MSCoRe,mscore_sample_03_rep_055,0.66,RESOLVED,True,4,1,1,ULTRA_STRONG,True,2930,0.2
trial_MSCoRe_mscore_sample_03_rep_055_d100_09efa4,MSCoRe,mscore_sample_03_rep_055,1.0,CONSENSUS,True,7,0,0,ULTRA_STRONG,True,3640,0.35
trial_MSCoRe_mscore_sample_04_rep_056_d0_1ee998,MSCoRe,mscore_sample_04_rep_056,0.0,CONSENSUS,True,4,0,0,STRONG,False,2080,0.2
trial_MSCoRe_mscore_sample_04_rep_056_d33_04363c,MSCoRe,mscore_sample_04_rep_056,0.33,RESOLVED,True,5,1,1,ULTRA_STRONG,True,3450,0.25
trial_MSCoRe_mscore_sample_04_rep_056_d66_9a310a,MSCoRe,mscore_sample_04_rep_056,0.66,CONSENSUS,True,7,0,0,ULTRA_STRONG,True,3640,0.35
trial_MSCoRe_mscore_sample_04_rep_056_d100_ce4266,MSCoRe,mscore_sample_04_rep_056,1.0,CONSENSUS,True,10,0,0,ULTRA_STRONG,True,5200,0.5
trial_MSCoRe_mscore_sample_01_rep_057_d0_8e9c45,MSCoRe,mscore_sample_01_rep_057,0.0,CONSENSUS,True,9,0,0,STRONG,False,4680,0.45
trial_MSCoRe_mscore_sample_01_rep_057_d33_eca1d6,MSCoRe,mscore_sample_01_rep_057,0.33,CONSENSUS,True,9,0,0,STRONG,False,4680,0.45
trial_MSCoRe_mscore_sample_01_rep_057_d66_dc0a51,MSCoRe,mscore_sample_01_rep_057,0.66,DEADLOCK,False,10,1,0,STRONG,False,5200,0.5
trial_MSCoRe_mscore_sample_01_rep_057_d100_872c34,MSCoRe,mscore_sample_01_rep_057,1.0,CONSENSUS,True,5,0,0,ULTRA_STRONG,True,2600,0.25
trial_MSCoRe_mscore_sample_02_rep_058_d0_0ed6e7,MSCoRe,mscore_sample_02_rep_058,0.0,CONSENSUS,True,7,0,0,STRONG,False,3640,0.35
trial_MSCoRe_mscore_sample_02_rep_058_d33_c30a7b,MSCoRe,mscore_sample_02_rep_058,0.33,CONSENSUS,True,6,0,0,STRONG,False,3120,0.3
trial_MSCoRe_mscore_sample_02_rep_058_d66_5af266,MSCoRe,mscore_sample_02_rep_058,0.66,RESOLVED,True,5,1,1,ULTRA_STRONG,True,3450,0.25
trial_MSCoRe_mscore_sample_02_rep_058_d100_4468f8,MSCoRe,mscore_sample_02_rep_058,1.0,DEADLOCK,False,7,1,0,STRONG,False,3640,0.35
trial_MSCoRe_mscore_sample_03_rep_059_d0_618bb6,MSCoRe,mscore_sample_03_rep_059,0.0,CONSENSUS,True,6,0,0,STRONG,False,3120,0.3
trial_MSCoRe_mscore_sample_03_rep_059_d33_541ec3,MSCoRe,mscore_sample_03_rep_059,0.33,DEADLOCK,False,5,1,0,STRONG,False,2600,0.25
trial_MSCoRe_mscore_sample_03_rep_059_d66_3d698b,MSCoRe,mscore_sample_03_rep_059,0.66,CONSENSUS,True,5,0,0,ULTRA_STRONG,True,2600,0.25
trial_MSCoRe_mscore_sample_03_rep_059_d100_1ea27b,MSCoRe,mscore_sample_03_rep_059,1.0,RESOLVED,True,9,1,2,ULTRA_STRONG,True,6380,0.45
trial_MSCoRe_mscore_sample_04_rep_060_d0_0ed15d,MSCoRe,mscore_sample_04_rep_060,0.0,CONSENSUS,True,9,0,0,STRONG,False,4680,0.45
trial_MSCoRe_mscore_sample_04_rep_060_d33_9b126c,MSCoRe,mscore_sample_04_rep_060,0.33,DEADLOCK,False,5,1,0,STRONG,False,2600,0.25
trial_MSCoRe_mscore_sample_04_rep_060_d66_6ceda6,MSCoRe,mscore_sample_04_rep_060,0.66,CONSENSUS,True,6,0,0,ULTRA_STRONG,True,3120,0.3
trial_MSCoRe_mscore_sample_04_rep_060_d100_b3e6f5,MSCoRe,mscore_sample_04_rep_060,1.0,CONSENSUS,True,4,0,0,ULTRA_STRONG,True,2080,0.2
trial_MSCoRe_mscore_sample_01_rep_061_d0_9ed711,MSCoRe,mscore_sample_01_rep_061,0.0,CONSENSUS,True,6,0,0,STRONG,False,3120,0.3
trial_MSCoRe_mscore_sample_01_rep_061_d33_a8f8b9,MSCoRe,mscore_sample_01_rep_061,0.33,CONSENSUS,True,6,0,0,STRONG,False,3120,0.3
trial_MSCoRe_mscore_sample_01_rep_061_d66_e15c4d,MSCoRe,mscore_sample_01_rep_061,0.66,RESOLVED,True,7,1,1,ULTRA_STRONG,True,4490,0.35
trial_MSCoRe_mscore_sample_01_rep_061_d100_8af139,MSCoRe,mscore_sample_01_rep_061,1.0,RESOLVED,True,6,1,2,ULTRA_STRONG,True,4820,0.3
trial_MSCoRe_mscore_sample_02_rep_062_d0_1381ec,MSCoRe,mscore_sample_02_rep_062,0.0,CONSENSUS,True,10,0,0,STRONG,False,5200,0.5
trial_MSCoRe_mscore_sample_02_rep_062_d33_6e448d,MSCoRe,mscore_sample_02_rep_062,0.33,DEADLOCK,False,6,1,0,STRONG,False,3120,0.3
trial_MSCoRe_mscore_sample_02_rep_062_d66_11d2ed,MSCoRe,mscore_sample_02_rep_062,0.66,CONSENSUS,True,7,0,0,ULTRA_STRONG,True,3640,0.35
trial_MSCoRe_mscore_sample_02_rep_062_d100_4ce290,MSCoRe,mscore_sample_02_rep_062,1.0,CONSENSUS,True,10,0,0,ULTRA_STRONG,True,5200,0.5
trial_MSCoRe_mscore_sample_03_rep_063_d0_fb94d1,MSCoRe,mscore_sample_03_rep_063,0.0,DEADLOCK,False,7,1,0,STRONG,False,3640,0.35
trial_MSCoRe_mscore_sample_03_rep_063_d33_9fc2ed,MSCoRe,mscore_sample_03_rep_063,0.33,CONSENSUS,True,5,0,0,STRONG,False,2600,0.25
trial_MSCoRe_mscore_sample_03_rep_063_d66_f3eb58,MSCoRe,mscore_sample_03_rep_063,0.66,RESOLVED,True,9,1,1,ULTRA_STRONG,True,5530,0.45
trial_MSCoRe_mscore_sample_03_rep_063_d100_14829c,MSCoRe,mscore_sample_03_rep_063,1.0,CONSENSUS,True,7,0,0,ULTRA_STRONG,True,3640,0.35
trial_MSCoRe_mscore_sample_04_rep_064_d0_0c4844,MSCoRe,mscore_sample_04_rep_064,0.0,CONSENSUS,True,8,0,0,STRONG,False,4160,0.4
trial_MSCoRe_mscore_sample_04_rep_064_d33_e66ffb,MSCoRe,mscore_sample_04_rep_064,0.33,CONSENSUS,True,10,0,0,STRONG,False,5200,0.5
trial_MSCoRe_mscore_sample_04_rep_064_d66_53a775,MSCoRe,mscore_sample_04_rep_064,0.66,RESOLVED,True,9,1,1,ULTRA_STRONG,True,5530,0.45
trial_MSCoRe_mscore_sample_04_rep_064_d100_cadec0,MSCoRe,mscore_sample_04_rep_064,1.0,CONSENSUS,True,5,0,0,ULTRA_STRONG,True,2600,0.25
trial_MSCoRe_mscore_sample_01_rep_065_d0_b5847c,MSCoRe,mscore_sample_01_rep_065,0.0,CONSENSUS,True,5,0,0,STRONG,False,2600,0.25
trial_MSCoRe_mscore_sample_01_rep_065_d33_5d5ea4,MSCoRe,mscore_sample_01_rep_065,0.33,CONSENSUS,True,9,0,0,STRONG,False,4680,0.45
trial_MSCoRe_mscore_sample_01_rep_065_d66_d79ba3,MSCoRe,mscore_sample_01_rep_065,0.66,CONSENSUS,True,4,0,0,ULTRA_STRONG,True,2080,0.2
trial_MSCoRe_mscore_sample_01_rep_065_d100_1ca4ca,MSCoRe,mscore_sample_01_rep_065,1.0,RESOLVED,True,4,1,2,ULTRA_STRONG,True,3780,0.2
trial_MSCoRe_mscore_sample_02_rep_066_d0_d26cd7,MSCoRe,mscore_sample_02_rep_066,0.0,CONSENSUS,True,8,0,0,STRONG,False,4160,0.4
trial_MSCoRe_mscore_sample_02_rep_066_d33_16c55e,MSCoRe,mscore_sample_02_rep_066,0.33,DEADLOCK,False,9,1,0,STRONG,False,4680,0.45
trial_MSCoRe_mscore_sample_02_rep_066_d66_044450,MSCoRe,mscore_sample_02_rep_066,0.66,RESOLVED,True,7,1,1,ULTRA_STRONG,True,4490,0.35
trial_MSCoRe_mscore_sample_02_rep_066_d100_7c3bfc,MSCoRe,mscore_sample_02_rep_066,1.0,RESOLVED,True,7,1,2,ULTRA_STRONG,True,5340,0.35
trial_MSCoRe_mscore_sample_03_rep_067_d0_020a47,MSCoRe,mscore_sample_03_rep_067,0.0,CONSENSUS,True,8,0,0,STRONG,False,4160,0.4
trial_MSCoRe_mscore_sample_03_rep_067_d33_b91798,MSCoRe,mscore_sample_03_rep_067,0.33,CONSENSUS,True,8,0,0,STRONG,False,4160,0.4
trial_MSCoRe_mscore_sample_03_rep_067_d66_d78e39,MSCoRe,mscore_sample_03_rep_067,0.66,CONSENSUS,True,9,0,0,ULTRA_STRONG,True,4680,0.45
trial_MSCoRe_mscore_sample_03_rep_067_d100_d19141,MSCoRe,mscore_sample_03_rep_067,1.0,RESOLVED,True,6,1,2,ULTRA_STRONG,True,4820,0.3
trial_MSCoRe_mscore_sample_04_rep_068_d0_3ab96c,MSCoRe,mscore_sample_04_rep_068,0.0,CONSENSUS,True,7,0,0,STRONG,False,3640,0.35
trial_MSCoRe_mscore_sample_04_rep_068_d33_78a635,MSCoRe,mscore_sample_04_rep_068,0.33,CONSENSUS,True,5,0,0,STRONG,False,2600,0.25
trial_MSCoRe_mscore_sample_04_rep_068_d66_c20495,MSCoRe,mscore_sample_04_rep_068,0.66,CONSENSUS,True,7,0,0,ULTRA_STRONG,True,3640,0.35
trial_MSCoRe_mscore_sample_04_rep_068_d100_73e61a,MSCoRe,mscore_sample_04_rep_068,1.0,CONSENSUS,True,9,0,0,ULTRA_STRONG,True,4680,0.45
trial_MSCoRe_mscore_sample_01_rep_069_d0_bcb26d,MSCoRe,mscore_sample_01_rep_069,0.0,CONSENSUS,True,9,0,0,STRONG,False,4680,0.45
trial_MSCoRe_mscore_sample_01_rep_069_d33_43ecab,MSCoRe,mscore_sample_01_rep_069,0.33,RESOLVED,True,6,1,1,ULTRA_STRONG,True,3970,0.3
trial_MSCoRe_mscore_sample_01_rep_069_d66_ef1960,MSCoRe,mscore_sample_01_rep_069,0.66,RESOLVED,True,8,1,1,ULTRA_STRONG,True,5010,0.4
trial_MSCoRe_mscore_sample_01_rep_069_d100_022023,MSCoRe,mscore_sample_01_rep_069,1.0,RESOLVED,True,4,1,2,ULTRA_STRONG,True,3780,0.2
trial_MSCoRe_mscore_sample_02_rep_070_d0_4c1b80,MSCoRe,mscore_sample_02_rep_070,0.0,CONSENSUS,True,6,0,0,STRONG,False,3120,0.3
trial_MSCoRe_mscore_sample_02_rep_070_d33_17d6e3,MSCoRe,mscore_sample_02_rep_070,0.33,RESOLVED,True,5,1,1,ULTRA_STRONG,True,3450,0.25
trial_MSCoRe_mscore_sample_02_rep_070_d66_321df6,MSCoRe,mscore_sample_02_rep_070,0.66,CONSENSUS,True,5,0,0,ULTRA_STRONG,True,2600,0.25
trial_MSCoRe_mscore_sample_02_rep_070_d100_70bdfb,MSCoRe,mscore_sample_02_rep_070,1.0,CONSENSUS,True,9,0,0,ULTRA_STRONG,True,4680,0.45
trial_MSCoRe_mscore_sample_03_rep_071_d0_cc0f6d,MSCoRe,mscore_sample_03_rep_071,0.0,DEADLOCK,False,8,1,0,STRONG,False,4160,0.4
trial_MSCoRe_mscore_sample_03_rep_071_d33_b85b8f,MSCoRe,mscore_sample_03_rep_071,0.33,DEADLOCK,False,4,1,0,STRONG,False,2080,0.2
trial_MSCoRe_mscore_sample_03_rep_071_d66_924de1,MSCoRe,mscore_sample_03_rep_071,0.66,RESOLVED,True,9,1,1,ULTRA_STRONG,True,5530,0.45
trial_MSCoRe_mscore_sample_03_rep_071_d100_5723d9,MSCoRe,mscore_sample_03_rep_071,1.0,CONSENSUS,True,8,0,0,ULTRA_STRONG,True,4160,0.4
trial_MSCoRe_mscore_sample_04_rep_072_d0_b0af0e,MSCoRe,mscore_sample_04_rep_072,0.0,DEADLOCK,False,10,1,0,STRONG,False,5200,0.5
trial_MSCoRe_mscore_sample_04_rep_072_d33_a72f73,MSCoRe,mscore_sample_04_rep_072,0.33,CONSENSUS,True,7,0,0,STRONG,False,3640,0.35
trial_MSCoRe_mscore_sample_04_rep_072_d66_5dade9,MSCoRe,mscore_sample_04_rep_072,0.66,DEADLOCK,False,5,1,0,STRONG,False,2600,0.25
trial_MSCoRe_mscore_sample_04_rep_072_d100_f81069,MSCoRe,mscore_sample_04_rep_072,1.0,DEADLOCK,False,6,1,0,STRONG,False,3120,0.3
trial_MSCoRe_mscore_sample_01_rep_073_d0_6093c7,MSCoRe,mscore_sample_01_rep_073,0.0,CONSENSUS,True,10,0,0,STRONG,False,5200,0.5
trial_MSCoRe_mscore_sample_01_rep_073_d33_39f839,MSCoRe,mscore_sample_01_rep_073,0.33,CONSENSUS,True,4,0,0,STRONG,False,2080,0.2
trial_MSCoRe_mscore_sample_01_rep_073_d66_ab2ab4,MSCoRe,mscore_sample_01_rep_073,0.66,CONSENSUS,True,5,0,0,ULTRA_STRONG,True,2600,0.25
trial_MSCoRe_mscore_sample_01_rep_073_d100_5ba803,MSCoRe,mscore_sample_01_rep_073,1.0,RESOLVED,True,6,1,2,ULTRA_STRONG,True,4820,0.3
trial_MSCoRe_mscore_sample_02_rep_074_d0_884109,MSCoRe,mscore_sample_02_rep_074,0.0,CONSENSUS,True,7,0,0,STRONG,False,3640,0.35
trial_MSCoRe_mscore_sample_02_rep_074_d33_e1bdac,MSCoRe,mscore_sample_02_rep_074,0.33,CONSENSUS,True,6,0,0,STRONG,False,3120,0.3
trial_MSCoRe_mscore_sample_02_rep_074_d66_4e15ef,MSCoRe,mscore_sample_02_rep_074,0.66,CONSENSUS,True,8,0,0,ULTRA_STRONG,True,4160,0.4
trial_MSCoRe_mscore_sample_02_rep_074_d100_d80f21,MSCoRe,mscore_sample_02_rep_074,1.0,CONSENSUS,True,4,0,0,ULTRA_STRONG,True,2080,0.2
trial_MSCoRe_mscore_sample_03_rep_075_d0_51d1f4,MSCoRe,mscore_sample_03_rep_075,0.0,CONSENSUS,True,10,0,0,STRONG,False,5200,0.5
trial_MSCoRe_mscore_sample_03_rep_075_d33_d070ae,MSCoRe,mscore_sample_03_rep_075,0.33,CONSENSUS,True,9,0,0,STRONG,False,4680,0.45
trial_MSCoRe_mscore_sample_03_rep_075_d66_25fd47,MSCoRe,mscore_sample_03_rep_075,0.66,CONSENSUS,True,6,0,0,ULTRA_STRONG,True,3120,0.3
trial_MSCoRe_mscore_sample_03_rep_075_d100_ad2c58,MSCoRe,mscore_sample_03_rep_075,1.0,RESOLVED,True,6,1,2,ULTRA_STRONG,True,4820,0.3
trial_MSCoRe_mscore_sample_04_rep_076_d0_26cb16,MSCoRe,mscore_sample_04_rep_076,0.0,CONSENSUS,True,5,0,0,STRONG,False,2600,0.25
trial_MSCoRe_mscore_sample_04_rep_076_d33_442720,MSCoRe,mscore_sample_04_rep_076,0.33,CONSENSUS,True,4,0,0,STRONG,False,2080,0.2
trial_MSCoRe_mscore_sample_04_rep_076_d66_46b523,MSCoRe,mscore_sample_04_rep_076,0.66,CONSENSUS,True,8,0,0,ULTRA_STRONG,True,4160,0.4
trial_MSCoRe_mscore_sample_04_rep_076_d100_da618b,MSCoRe,mscore_sample_04_rep_076,1.0,RESOLVED,True,4,1,2,ULTRA_STRONG,True,3780,0.2
trial_MSCoRe_mscore_sample_01_rep_077_d0_1520b2,MSCoRe,mscore_sample_01_rep_077,0.0,DEADLOCK,False,9,1,0,STRONG,False,4680,0.45
trial_MSCoRe_mscore_sample_01_rep_077_d33_217d0c,MSCoRe,mscore_sample_01_rep_077,0.33,CONSENSUS,True,5,0,0,STRONG,False,2600,0.25
trial_MSCoRe_mscore_sample_01_rep_077_d66_3a7aa2,MSCoRe,mscore_sample_01_rep_077,0.66,CONSENSUS,True,8,0,0,ULTRA_STRONG,True,4160,0.4
trial_MSCoRe_mscore_sample_01_rep_077_d100_f4a186,MSCoRe,mscore_sample_01_rep_077,1.0,RESOLVED,True,8,1,2,ULTRA_STRONG,True,5860,0.4
trial_MSCoRe_mscore_sample_02_rep_078_d0_c69dba,MSCoRe,mscore_sample_02_rep_078,0.0,DEADLOCK,False,5,1,0,STRONG,False,2600,0.25
trial_MSCoRe_mscore_sample_02_rep_078_d33_7bf0d8,MSCoRe,mscore_sample_02_rep_078,0.33,DEADLOCK,False,9,1,0,STRONG,False,4680,0.45
trial_MSCoRe_mscore_sample_02_rep_078_d66_852895,MSCoRe,mscore_sample_02_rep_078,0.66,RESOLVED,True,4,1,1,ULTRA_STRONG,True,2930,0.2
trial_MSCoRe_mscore_sample_02_rep_078_d100_b56231,MSCoRe,mscore_sample_02_rep_078,1.0,RESOLVED,True,4,1,2,ULTRA_STRONG,True,3780,0.2
trial_MSCoRe_mscore_sample_03_rep_079_d0_4888fd,MSCoRe,mscore_sample_03_rep_079,0.0,DEADLOCK,False,4,1,0,STRONG,False,2080,0.2
trial_MSCoRe_mscore_sample_03_rep_079_d33_8562ba,MSCoRe,mscore_sample_03_rep_079,0.33,CONSENSUS,True,8,0,0,STRONG,False,4160,0.4
trial_MSCoRe_mscore_sample_03_rep_079_d66_af2e68,MSCoRe,mscore_sample_03_rep_079,0.66,CONSENSUS,True,5,0,0,ULTRA_STRONG,True,2600,0.25
trial_MSCoRe_mscore_sample_03_rep_079_d100_4b384c,MSCoRe,mscore_sample_03_rep_079,1.0,CONSENSUS,True,8,0,0,ULTRA_STRONG,True,4160,0.4
trial_MSCoRe_mscore_sample_04_rep_080_d0_c4bd5b,MSCoRe,mscore_sample_04_rep_080,0.0,DEADLOCK,False,7,1,0,STRONG,False,3640,0.35
trial_MSCoRe_mscore_sample_04_rep_080_d33_a8cf58,MSCoRe,mscore_sample_04_rep_080,0.33,CONSENSUS,True,6,0,0,STRONG,False,3120,0.3
trial_MSCoRe_mscore_sample_04_rep_080_d66_ac21fd,MSCoRe,mscore_sample_04_rep_080,0.66,CONSENSUS,True,9,0,0,ULTRA_STRONG,True,4680,0.45
trial_MSCoRe_mscore_sample_04_rep_080_d100_9350f8,MSCoRe,mscore_sample_04_rep_080,1.0,CONSENSUS,True,5,0,0,ULTRA_STRONG,True,2600,0.25
trial_MSCoRe_mscore_sample_01_rep_081_d0_725029,MSCoRe,mscore_sample_01_rep_081,0.0,CONSENSUS,True,7,0,0,STRONG,False,3640,0.35
trial_MSCoRe_mscore_sample_01_rep_081_d33_4cc81e,MSCoRe,mscore_sample_01_rep_081,0.33,DEADLOCK,False,7,1,0,STRONG,False,3640,0.35
trial_MSCoRe_mscore_sample_01_rep_081_d66_f39341,MSCoRe,mscore_sample_01_rep_081,0.66,CONSENSUS,True,9,0,0,ULTRA_STRONG,True,4680,0.45
trial_MSCoRe_mscore_sample_01_rep_081_d100_d4f2b2,MSCoRe,mscore_sample_01_rep_081,1.0,CONSENSUS,True,9,0,0,ULTRA_STRONG,True,4680,0.45
trial_MSCoRe_mscore_sample_02_rep_082_d0_93fd04,MSCoRe,mscore_sample_02_rep_082,0.0,RESOLVED,True,7,1,1,ULTRA_STRONG,True,4490,0.35
trial_MSCoRe_mscore_sample_02_rep_082_d33_d41f80,MSCoRe,mscore_sample_02_rep_082,0.33,CONSENSUS,True,9,0,0,STRONG,False,4680,0.45
trial_MSCoRe_mscore_sample_02_rep_082_d66_273ef0,MSCoRe,mscore_sample_02_rep_082,0.66,CONSENSUS,True,9,0,0,ULTRA_STRONG,True,4680,0.45
trial_MSCoRe_mscore_sample_02_rep_082_d100_c92673,MSCoRe,mscore_sample_02_rep_082,1.0,RESOLVED,True,9,1,2,ULTRA_STRONG,True,6380,0.45
trial_MSCoRe_mscore_sample_03_rep_083_d0_af88bf,MSCoRe,mscore_sample_03_rep_083,0.0,CONSENSUS,True,7,0,0,STRONG,False,3640,0.35
trial_MSCoRe_mscore_sample_03_rep_083_d33_ad7ea6,MSCoRe,mscore_sample_03_rep_083,0.33,CONSENSUS,True,10,0,0,STRONG,False,5200,0.5
trial_MSCoRe_mscore_sample_03_rep_083_d66_042a59,MSCoRe,mscore_sample_03_rep_083,0.66,CONSENSUS,True,4,0,0,ULTRA_STRONG,True,2080,0.2
trial_MSCoRe_mscore_sample_03_rep_083_d100_10fea4,MSCoRe,mscore_sample_03_rep_083,1.0,CONSENSUS,True,8,0,0,ULTRA_STRONG,True,4160,0.4
trial_MSCoRe_mscore_sample_04_rep_084_d0_f9e5b0,MSCoRe,mscore_sample_04_rep_084,0.0,CONSENSUS,True,8,0,0,STRONG,False,4160,0.4
trial_MSCoRe_mscore_sample_04_rep_084_d33_1e0a39,MSCoRe,mscore_sample_04_rep_084,0.33,DEADLOCK,False,10,1,0,STRONG,False,5200,0.5
trial_MSCoRe_mscore_sample_04_rep_084_d66_ccbe95,MSCoRe,mscore_sample_04_rep_084,0.66,CONSENSUS,True,8,0,0,ULTRA_STRONG,True,4160,0.4
trial_MSCoRe_mscore_sample_04_rep_084_d100_a0423f,MSCoRe,mscore_sample_04_rep_084,1.0,CONSENSUS,True,8,0,0,ULTRA_STRONG,True,4160,0.4
trial_MSCoRe_mscore_sample_01_rep_085_d0_05c7e3,MSCoRe,mscore_sample_01_rep_085,0.0,CONSENSUS,True,7,0,0,STRONG,False,3640,0.35
trial_MSCoRe_mscore_sample_01_rep_085_d33_df7894,MSCoRe,mscore_sample_01_rep_085,0.33,RESOLVED,True,7,1,1,ULTRA_STRONG,True,4490,0.35
trial_MSCoRe_mscore_sample_01_rep_085_d66_1641e5,MSCoRe,mscore_sample_01_rep_085,0.66,DEADLOCK,False,5,1,0,STRONG,False,2600,0.25
trial_MSCoRe_mscore_sample_01_rep_085_d100_228922,MSCoRe,mscore_sample_01_rep_085,1.0,RESOLVED,True,6,1,2,ULTRA_STRONG,True,4820,0.3
trial_MSCoRe_mscore_sample_02_rep_086_d0_5503d2,MSCoRe,mscore_sample_02_rep_086,0.0,DEADLOCK,False,8,1,0,STRONG,False,4160,0.4
trial_MSCoRe_mscore_sample_02_rep_086_d33_3d0eb8,MSCoRe,mscore_sample_02_rep_086,0.33,CONSENSUS,True,4,0,0,STRONG,False,2080,0.2
trial_MSCoRe_mscore_sample_02_rep_086_d66_11a5df,MSCoRe,mscore_sample_02_rep_086,0.66,RESOLVED,True,10,1,1,ULTRA_STRONG,True,6050,0.5
trial_MSCoRe_mscore_sample_02_rep_086_d100_47509e,MSCoRe,mscore_sample_02_rep_086,1.0,CONSENSUS,True,10,0,0,ULTRA_STRONG,True,5200,0.5
trial_MSCoRe_mscore_sample_03_rep_087_d0_961961,MSCoRe,mscore_sample_03_rep_087,0.0,DEADLOCK,False,4,1,0,STRONG,False,2080,0.2
trial_MSCoRe_mscore_sample_03_rep_087_d33_85df56,MSCoRe,mscore_sample_03_rep_087,0.33,CONSENSUS,True,10,0,0,STRONG,False,5200,0.5
trial_MSCoRe_mscore_sample_03_rep_087_d66_ad4fba,MSCoRe,mscore_sample_03_rep_087,0.66,CONSENSUS,True,7,0,0,ULTRA_STRONG,True,3640,0.35
trial_MSCoRe_mscore_sample_03_rep_087_d100_1496bc,MSCoRe,mscore_sample_03_rep_087,1.0,CONSENSUS,True,8,0,0,ULTRA_STRONG,True,4160,0.4
trial_MSCoRe_mscore_sample_04_rep_088_d0_c035c0,MSCoRe,mscore_sample_04_rep_088,0.0,CONSENSUS,True,5,0,0,STRONG,False,2600,0.25
trial_MSCoRe_mscore_sample_04_rep_088_d33_fd9a52,MSCoRe,mscore_sample_04_rep_088,0.33,DEADLOCK,False,6,1,0,STRONG,False,3120,0.3
trial_MSCoRe_mscore_sample_04_rep_088_d66_7b6c22,MSCoRe,mscore_sample_04_rep_088,0.66,CONSENSUS,True,6,0,0,ULTRA_STRONG,True,3120,0.3
trial_MSCoRe_mscore_sample_04_rep_088_d100_d67849,MSCoRe,mscore_sample_04_rep_088,1.0,RESOLVED,True,9,1,2,ULTRA_STRONG,True,6380,0.45
trial_MSCoRe_mscore_sample_01_rep_089_d0_b7d843,MSCoRe,mscore_sample_01_rep_089,0.0,CONSENSUS,True,6,0,0,STRONG,False,3120,0.3
trial_MSCoRe_mscore_sample_01_rep_089_d33_10f282,MSCoRe,mscore_sample_01_rep_089,0.33,DEADLOCK,False,5,1,0,STRONG,False,2600,0.25
trial_MSCoRe_mscore_sample_01_rep_089_d66_1c5ad3,MSCoRe,mscore_sample_01_rep_089,0.66,CONSENSUS,True,8,0,0,ULTRA_STRONG,True,4160,0.4
trial_MSCoRe_mscore_sample_01_rep_089_d100_48b2a6,MSCoRe,mscore_sample_01_rep_089,1.0,RESOLVED,True,6,1,2,ULTRA_STRONG,True,4820,0.3
trial_MSCoRe_mscore_sample_02_rep_090_d0_5c352a,MSCoRe,mscore_sample_02_rep_090,0.0,DEADLOCK,False,5,1,0,STRONG,False,2600,0.25
trial_MSCoRe_mscore_sample_02_rep_090_d33_45d182,MSCoRe,mscore_sample_02_rep_090,0.33,CONSENSUS,True,9,0,0,STRONG,False,4680,0.45
trial_MSCoRe_mscore_sample_02_rep_090_d66_8182a3,MSCoRe,mscore_sample_02_rep_090,0.66,DEADLOCK,False,8,1,0,STRONG,False,4160,0.4
trial_MSCoRe_mscore_sample_02_rep_090_d100_ef43c6,MSCoRe,mscore_sample_02_rep_090,1.0,RESOLVED,True,8,1,2,ULTRA_STRONG,True,5860,0.4
trial_MSCoRe_mscore_sample_03_rep_091_d0_93e678,MSCoRe,mscore_sample_03_rep_091,0.0,CONSENSUS,True,5,0,0,STRONG,False,2600,0.25
trial_MSCoRe_mscore_sample_03_rep_091_d33_faf6f9,MSCoRe,mscore_sample_03_rep_091,0.33,DEADLOCK,False,6,1,0,STRONG,False,3120,0.3
trial_MSCoRe_mscore_sample_03_rep_091_d66_aa4382,MSCoRe,mscore_sample_03_rep_091,0.66,CONSENSUS,True,4,0,0,ULTRA_STRONG,True,2080,0.2
trial_MSCoRe_mscore_sample_03_rep_091_d100_7f4244,MSCoRe,mscore_sample_03_rep_091,1.0,CONSENSUS,True,10,0,0,ULTRA_STRONG,True,5200,0.5
trial_MSCoRe_mscore_sample_04_rep_092_d0_b1c1fc,MSCoRe,mscore_sample_04_rep_092,0.0,CONSENSUS,True,10,0,0,STRONG,False,5200,0.5
trial_MSCoRe_mscore_sample_04_rep_092_d33_8d73bb,MSCoRe,mscore_sample_04_rep_092,0.33,CONSENSUS,True,9,0,0,STRONG,False,4680,0.45
trial_MSCoRe_mscore_sample_04_rep_092_d66_09c20f,MSCoRe,mscore_sample_04_rep_092,0.66,RESOLVED,True,10,1,1,ULTRA_STRONG,True,6050,0.5
trial_MSCoRe_mscore_sample_04_rep_092_d100_27e6c4,MSCoRe,mscore_sample_04_rep_092,1.0,RESOLVED,True,9,1,2,ULTRA_STRONG,True,6380,0.45
trial_MSCoRe_mscore_sample_01_rep_093_d0_bf7b35,MSCoRe,mscore_sample_01_rep_093,0.0,DEADLOCK,False,7,1,0,STRONG,False,3640,0.35
trial_MSCoRe_mscore_sample_01_rep_093_d33_ebc57c,MSCoRe,mscore_sample_01_rep_093,0.33,CONSENSUS,True,6,0,0,STRONG,False,3120,0.3
trial_MSCoRe_mscore_sample_01_rep_093_d66_adb2b2,MSCoRe,mscore_sample_01_rep_093,0.66,CONSENSUS,True,8,0,0,ULTRA_STRONG,True,4160,0.4
trial_MSCoRe_mscore_sample_01_rep_093_d100_067e9e,MSCoRe,mscore_sample_01_rep_093,1.0,CONSENSUS,True,10,0,0,ULTRA_STRONG,True,5200,0.5
trial_MSCoRe_mscore_sample_02_rep_094_d0_dfc4b2,MSCoRe,mscore_sample_02_rep_094,0.0,CONSENSUS,True,5,0,0,STRONG,False,2600,0.25
trial_MSCoRe_mscore_sample_02_rep_094_d33_531389,MSCoRe,mscore_sample_02_rep_094,0.33,CONSENSUS,True,5,0,0,STRONG,False,2600,0.25
trial_MSCoRe_mscore_sample_02_rep_094_d66_fc0661,MSCoRe,mscore_sample_02_rep_094,0.66,DEADLOCK,False,4,1,0,STRONG,False,2080,0.2
trial_MSCoRe_mscore_sample_02_rep_094_d100_7cbc42,MSCoRe,mscore_sample_02_rep_094,1.0,CONSENSUS,True,8,0,0,ULTRA_STRONG,True,4160,0.4
trial_MSCoRe_mscore_sample_03_rep_095_d0_4a3404,MSCoRe,mscore_sample_03_rep_095,0.0,CONSENSUS,True,10,0,0,STRONG,False,5200,0.5
trial_MSCoRe_mscore_sample_03_rep_095_d33_58b041,MSCoRe,mscore_sample_03_rep_095,0.33,DEADLOCK,False,6,1,0,STRONG,False,3120,0.3
trial_MSCoRe_mscore_sample_03_rep_095_d66_a8c262,MSCoRe,mscore_sample_03_rep_095,0.66,CONSENSUS,True,7,0,0,ULTRA_STRONG,True,3640,0.35
trial_MSCoRe_mscore_sample_03_rep_095_d100_d33606,MSCoRe,mscore_sample_03_rep_095,1.0,CONSENSUS,True,7,0,0,ULTRA_STRONG,True,3640,0.35
trial_MSCoRe_mscore_sample_04_rep_096_d0_261fb4,MSCoRe,mscore_sample_04_rep_096,0.0,CONSENSUS,True,9,0,0,STRONG,False,4680,0.45
trial_MSCoRe_mscore_sample_04_rep_096_d33_4e7686,MSCoRe,mscore_sample_04_rep_096,0.33,CONSENSUS,True,8,0,0,STRONG,False,4160,0.4
trial_MSCoRe_mscore_sample_04_rep_096_d66_95c0a0,MSCoRe,mscore_sample_04_rep_096,0.66,RESOLVED,True,5,1,1,ULTRA_STRONG,True,3450,0.25
trial_MSCoRe_mscore_sample_04_rep_096_d100_8dc005,MSCoRe,mscore_sample_04_rep_096,1.0,CONSENSUS,True,6,0,0,ULTRA_STRONG,True,3120,0.3
trial_MSCoRe_mscore_sample_01_rep_097_d0_d98dc3,MSCoRe,mscore_sample_01_rep_097,0.0,CONSENSUS,True,10,0,0,STRONG,False,5200,0.5
trial_MSCoRe_mscore_sample_01_rep_097_d33_a0722a,MSCoRe,mscore_sample_01_rep_097,0.33,CONSENSUS,True,6,0,0,STRONG,False,3120,0.3
trial_MSCoRe_mscore_sample_01_rep_097_d66_f8e2f0,MSCoRe,mscore_sample_01_rep_097,0.66,CONSENSUS,True,8,0,0,ULTRA_STRONG,True,4160,0.4
trial_MSCoRe_mscore_sample_01_rep_097_d100_e442c8,MSCoRe,mscore_sample_01_rep_097,1.0,CONSENSUS,True,7,0,0,ULTRA_STRONG,True,3640,0.35
trial_MSCoRe_mscore_sample_02_rep_098_d0_d14763,MSCoRe,mscore_sample_02_rep_098,0.0,CONSENSUS,True,4,0,0,STRONG,False,2080,0.2
trial_MSCoRe_mscore_sample_02_rep_098_d33_ee8056,MSCoRe,mscore_sample_02_rep_098,0.33,CONSENSUS,True,7,0,0,STRONG,False,3640,0.35
trial_MSCoRe_mscore_sample_02_rep_098_d66_f068a4,MSCoRe,mscore_sample_02_rep_098,0.66,DEADLOCK,False,9,1,0,STRONG,False,4680,0.45
trial_MSCoRe_mscore_sample_02_rep_098_d100_9bb4fa,MSCoRe,mscore_sample_02_rep_098,1.0,CONSENSUS,True,4,0,0,ULTRA_STRONG,True,2080,0.2
trial_MSCoRe_mscore_sample_03_rep_099_d0_c97bb0,MSCoRe,mscore_sample_03_rep_099,0.0,CONSENSUS,True,8,0,0,STRONG,False,4160,0.4
trial_MSCoRe_mscore_sample_03_rep_099_d33_e1bf36,MSCoRe,mscore_sample_03_rep_099,0.33,RESOLVED,True,6,1,1,ULTRA_STRONG,True,3970,0.3
trial_MSCoRe_mscore_sample_03_rep_099_d66_6b7b8f,MSCoRe,mscore_sample_03_rep_099,0.66,RESOLVED,True,5,1,1,ULTRA_STRONG,True,3450,0.25
trial_MSCoRe_mscore_sample_03_rep_099_d100_c65471,MSCoRe,mscore_sample_03_rep_099,1.0,CONSENSUS,True,7,0,0,ULTRA_STRONG,True,3640,0.35
trial_MSCoRe_mscore_sample_04_rep_100_d0_cf1061,MSCoRe,mscore_sample_04_rep_100,0.0,DEADLOCK,False,10,1,0,STRONG,False,5200,0.5
trial_MSCoRe_mscore_sample_04_rep_100_d33_e04b1f,MSCoRe,mscore_sample_04_rep_100,0.33,CONSENSUS,True,8,0,0,STRONG,False,4160,0.4
trial_MSCoRe_mscore_sample_04_rep_100_d66_5059be,MSCoRe,mscore_sample_04_rep_100,0.66,CONSENSUS,True,8,0,0,ULTRA_STRONG,True,4160,0.4
trial_MSCoRe_mscore_sample_04_rep_100_d100_9e6625,MSCoRe,mscore_sample_04_rep_100,1.0,CONSENSUS,True,5,0,0,ULTRA_STRONG,True,2600,0.25
trial_MSCoRe_mscore_sample_01_rep_101_d0_b8040a,MSCoRe,mscore_sample_01_rep_101,0.0,CONSENSUS,True,4,0,0,STRONG,False,2080,0.2
trial_MSCoRe_mscore_sample_01_rep_101_d33_7f8aff,MSCoRe,mscore_sample_01_rep_101,0.33,DEADLOCK,False,10,1,0,STRONG,False,5200,0.5
trial_MSCoRe_mscore_sample_01_rep_101_d66_29c28f,MSCoRe,mscore_sample_01_rep_101,0.66,CONSENSUS,True,5,0,0,ULTRA_STRONG,True,2600,0.25
trial_MSCoRe_mscore_sample_01_rep_101_d100_1994c6,MSCoRe,mscore_sample_01_rep_101,1.0,CONSENSUS,True,10,0,0,ULTRA_STRONG,True,5200,0.5
trial_MSCoRe_mscore_sample_02_rep_102_d0_f9db65,MSCoRe,mscore_sample_02_rep_102,0.0,CONSENSUS,True,6,0,0,STRONG,False,3120,0.3
trial_MSCoRe_mscore_sample_02_rep_102_d33_01eacf,MSCoRe,mscore_sample_02_rep_102,0.33,DEADLOCK,False,8,1,0,STRONG,False,4160,0.4
trial_MSCoRe_mscore_sample_02_rep_102_d66_5b00ed,MSCoRe,mscore_sample_02_rep_102,0.66,CONSENSUS,True,8,0,0,ULTRA_STRONG,True,4160,0.4
trial_MSCoRe_mscore_sample_02_rep_102_d100_c19e7f,MSCoRe,mscore_sample_02_rep_102,1.0,CONSENSUS,True,5,0,0,ULTRA_STRONG,True,2600,0.25
trial_MSCoRe_mscore_sample_03_rep_103_d0_d01941,MSCoRe,mscore_sample_03_rep_103,0.0,DEADLOCK,False,10,1,0,STRONG,False,5200,0.5
trial_MSCoRe_mscore_sample_03_rep_103_d33_f07d37,MSCoRe,mscore_sample_03_rep_103,0.33,DEADLOCK,False,9,1,0,STRONG,False,4680,0.45
trial_MSCoRe_mscore_sample_03_rep_103_d66_732434,MSCoRe,mscore_sample_03_rep_103,0.66,CONSENSUS,True,8,0,0,ULTRA_STRONG,True,4160,0.4
trial_MSCoRe_mscore_sample_03_rep_103_d100_83b673,MSCoRe,mscore_sample_03_rep_103,1.0,CONSENSUS,True,10,0,0,ULTRA_STRONG,True,5200,0.5
trial_MSCoRe_mscore_sample_04_rep_104_d0_beed13,MSCoRe,mscore_sample_04_rep_104,0.0,DEADLOCK,False,9,1,0,STRONG,False,4680,0.45
trial_MSCoRe_mscore_sample_04_rep_104_d33_7e6d48,MSCoRe,mscore_sample_04_rep_104,0.33,CONSENSUS,True,5,0,0,STRONG,False,2600,0.25
trial_MSCoRe_mscore_sample_04_rep_104_d66_442c8b,MSCoRe,mscore_sample_04_rep_104,0.66,DEADLOCK,False,5,1,0,STRONG,False,2600,0.25
trial_MSCoRe_mscore_sample_04_rep_104_d100_078af3,MSCoRe,mscore_sample_04_rep_104,1.0,RESOLVED,True,5,1,2,ULTRA_STRONG,True,4300,0.25
trial_MSCoRe_mscore_sample_01_rep_105_d0_23ab6f,MSCoRe,mscore_sample_01_rep_105,0.0,DEADLOCK,False,6,1,0,STRONG,False,3120,0.3
trial_MSCoRe_mscore_sample_01_rep_105_d33_d7700e,MSCoRe,mscore_sample_01_rep_105,0.33,CONSENSUS,True,4,0,0,STRONG,False,2080,0.2
trial_MSCoRe_mscore_sample_01_rep_105_d66_bc7d39,MSCoRe,mscore_sample_01_rep_105,0.66,CONSENSUS,True,9,0,0,ULTRA_STRONG,True,4680,0.45
trial_MSCoRe_mscore_sample_01_rep_105_d100_941dc0,MSCoRe,mscore_sample_01_rep_105,1.0,CONSENSUS,True,6,0,0,ULTRA_STRONG,True,3120,0.3
trial_MSCoRe_mscore_sample_02_rep_106_d0_465bf9,MSCoRe,mscore_sample_02_rep_106,0.0,CONSENSUS,True,7,0,0,STRONG,False,3640,0.35
trial_MSCoRe_mscore_sample_02_rep_106_d33_023ae8,MSCoRe,mscore_sample_02_rep_106,0.33,DEADLOCK,False,4,1,0,STRONG,False,2080,0.2
trial_MSCoRe_mscore_sample_02_rep_106_d66_6b831a,MSCoRe,mscore_sample_02_rep_106,0.66,CONSENSUS,True,9,0,0,ULTRA_STRONG,True,4680,0.45
trial_MSCoRe_mscore_sample_02_rep_106_d100_5f74ba,MSCoRe,mscore_sample_02_rep_106,1.0,CONSENSUS,True,8,0,0,ULTRA_STRONG,True,4160,0.4
trial_MSCoRe_mscore_sample_03_rep_107_d0_98f010,MSCoRe,mscore_sample_03_rep_107,0.0,CONSENSUS,True,8,0,0,STRONG,False,4160,0.4
trial_MSCoRe_mscore_sample_03_rep_107_d33_5549c4,MSCoRe,mscore_sample_03_rep_107,0.33,CONSENSUS,True,10,0,0,STRONG,False,5200,0.5
trial_MSCoRe_mscore_sample_03_rep_107_d66_89d779,MSCoRe,mscore_sample_03_rep_107,0.66,CONSENSUS,True,5,0,0,ULTRA_STRONG,True,2600,0.25
trial_MSCoRe_mscore_sample_03_rep_107_d100_21a39a,MSCoRe,mscore_sample_03_rep_107,1.0,CONSENSUS,True,7,0,0,ULTRA_STRONG,True,3640,0.35
trial_MSCoRe_mscore_sample_04_rep_108_d0_4eee69,MSCoRe,mscore_sample_04_rep_108,0.0,CONSENSUS,True,5,0,0,STRONG,False,2600,0.25
trial_MSCoRe_mscore_sample_04_rep_108_d33_07d3a0,MSCoRe,mscore_sample_04_rep_108,0.33,DEADLOCK,False,9,1,0,STRONG,False,4680,0.45
trial_MSCoRe_mscore_sample_04_rep_108_d66_a98a10,MSCoRe,mscore_sample_04_rep_108,0.66,CONSENSUS,True,8,0,0,ULTRA_STRONG,True,4160,0.4
trial_MSCoRe_mscore_sample_04_rep_108_d100_a2e576,MSCoRe,mscore_sample_04_rep_108,1.0,CONSENSUS,True,5,0,0,ULTRA_STRONG,True,2600,0.25
trial_MSCoRe_mscore_sample_01_rep_109_d0_8b7109,MSCoRe,mscore_sample_01_rep_109,0.0,CONSENSUS,True,4,0,0,STRONG,False,2080,0.2
trial_MSCoRe_mscore_sample_01_rep_109_d33_569e9c,MSCoRe,mscore_sample_01_rep_109,0.33,CONSENSUS,True,6,0,0,STRONG,False,3120,0.3
trial_MSCoRe_mscore_sample_01_rep_109_d66_554234,MSCoRe,mscore_sample_01_rep_109,0.66,DEADLOCK,False,5,1,0,STRONG,False,2600,0.25
trial_MSCoRe_mscore_sample_01_rep_109_d100_b0f979,MSCoRe,mscore_sample_01_rep_109,1.0,CONSENSUS,True,5,0,0,ULTRA_STRONG,True,2600,0.25
trial_MSCoRe_mscore_sample_02_rep_110_d0_3ee886,MSCoRe,mscore_sample_02_rep_110,0.0,DEADLOCK,False,8,1,0,STRONG,False,4160,0.4
trial_MSCoRe_mscore_sample_02_rep_110_d33_30841a,MSCoRe,mscore_sample_02_rep_110,0.33,CONSENSUS,True,10,0,0,STRONG,False,5200,0.5
trial_MSCoRe_mscore_sample_02_rep_110_d66_63f48b,MSCoRe,mscore_sample_02_rep_110,0.66,RESOLVED,True,4,1,1,ULTRA_STRONG,True,2930,0.2
trial_MSCoRe_mscore_sample_02_rep_110_d100_c3a3de,MSCoRe,mscore_sample_02_rep_110,1.0,CONSENSUS,True,4,0,0,ULTRA_STRONG,True,2080,0.2
trial_MSCoRe_mscore_sample_03_rep_111_d0_738a61,MSCoRe,mscore_sample_03_rep_111,0.0,CONSENSUS,True,6,0,0,STRONG,False,3120,0.3
trial_MSCoRe_mscore_sample_03_rep_111_d33_827377,MSCoRe,mscore_sample_03_rep_111,0.33,CONSENSUS,True,10,0,0,STRONG,False,5200,0.5
trial_MSCoRe_mscore_sample_03_rep_111_d66_5c2b72,MSCoRe,mscore_sample_03_rep_111,0.66,CONSENSUS,True,7,0,0,ULTRA_STRONG,True,3640,0.35
trial_MSCoRe_mscore_sample_03_rep_111_d100_b4465d,MSCoRe,mscore_sample_03_rep_111,1.0,RESOLVED,True,10,1,2,ULTRA_STRONG,True,6900,0.5
trial_MSCoRe_mscore_sample_04_rep_112_d0_377757,MSCoRe,mscore_sample_04_rep_112,0.0,CONSENSUS,True,9,0,0,STRONG,False,4680,0.45
trial_MSCoRe_mscore_sample_04_rep_112_d33_89ed57,MSCoRe,mscore_sample_04_rep_112,0.33,CONSENSUS,True,5,0,0,STRONG,False,2600,0.25
trial_MSCoRe_mscore_sample_04_rep_112_d66_7aec70,MSCoRe,mscore_sample_04_rep_112,0.66,RESOLVED,True,4,1,1,ULTRA_STRONG,True,2930,0.2
trial_MSCoRe_mscore_sample_04_rep_112_d100_f99963,MSCoRe,mscore_sample_04_rep_112,1.0,CONSENSUS,True,7,0,0,ULTRA_STRONG,True,3640,0.35
trial_MSCoRe_mscore_sample_01_rep_113_d0_f683de,MSCoRe,mscore_sample_01_rep_113,0.0,CONSENSUS,True,8,0,0,STRONG,False,4160,0.4
trial_MSCoRe_mscore_sample_01_rep_113_d33_07901a,MSCoRe,mscore_sample_01_rep_113,0.33,CONSENSUS,True,6,0,0,STRONG,False,3120,0.3
trial_MSCoRe_mscore_sample_01_rep_113_d66_d145e9,MSCoRe,mscore_sample_01_rep_113,0.66,CONSENSUS,True,4,0,0,ULTRA_STRONG,True,2080,0.2
trial_MSCoRe_mscore_sample_01_rep_113_d100_c8748f,MSCoRe,mscore_sample_01_rep_113,1.0,CONSENSUS,True,4,0,0,ULTRA_STRONG,True,2080,0.2
trial_MSCoRe_mscore_sample_02_rep_114_d0_cdbdff,MSCoRe,mscore_sample_02_rep_114,0.0,DEADLOCK,False,4,1,0,STRONG,False,2080,0.2
trial_MSCoRe_mscore_sample_02_rep_114_d33_2e0eee,MSCoRe,mscore_sample_02_rep_114,0.33,CONSENSUS,True,5,0,0,STRONG,False,2600,0.25
trial_MSCoRe_mscore_sample_02_rep_114_d66_519d96,MSCoRe,mscore_sample_02_rep_114,0.66,RESOLVED,True,4,1,1,ULTRA_STRONG,True,2930,0.2
trial_MSCoRe_mscore_sample_02_rep_114_d100_c53299,MSCoRe,mscore_sample_02_rep_114,1.0,CONSENSUS,True,8,0,0,ULTRA_STRONG,True,4160,0.4
trial_MSCoRe_mscore_sample_03_rep_115_d0_50ac00,MSCoRe,mscore_sample_03_rep_115,0.0,DEADLOCK,False,9,1,0,STRONG,False,4680,0.45
trial_MSCoRe_mscore_sample_03_rep_115_d33_4e892d,MSCoRe,mscore_sample_03_rep_115,0.33,CONSENSUS,True,4,0,0,STRONG,False,2080,0.2
trial_MSCoRe_mscore_sample_03_rep_115_d66_6731ad,MSCoRe,mscore_sample_03_rep_115,0.66,RESOLVED,True,9,1,1,ULTRA_STRONG,True,5530,0.45
trial_MSCoRe_mscore_sample_03_rep_115_d100_21a36d,MSCoRe,mscore_sample_03_rep_115,1.0,CONSENSUS,True,9,0,0,ULTRA_STRONG,True,4680,0.45
trial_MSCoRe_mscore_sample_04_rep_116_d0_78c774,MSCoRe,mscore_sample_04_rep_116,0.0,CONSENSUS,True,7,0,0,STRONG,False,3640,0.35
trial_MSCoRe_mscore_sample_04_rep_116_d33_b9be8e,MSCoRe,mscore_sample_04_rep_116,0.33,DEADLOCK,False,9,1,0,STRONG,False,4680,0.45
trial_MSCoRe_mscore_sample_04_rep_116_d66_eb901d,MSCoRe,mscore_sample_04_rep_116,0.66,RESOLVED,True,10,1,1,ULTRA_STRONG,True,6050,0.5
trial_MSCoRe_mscore_sample_04_rep_116_d100_a8e748,MSCoRe,mscore_sample_04_rep_116,1.0,CONSENSUS,True,5,0,0,ULTRA_STRONG,True,2600,0.25
trial_MSCoRe_mscore_sample_01_rep_117_d0_d61320,MSCoRe,mscore_sample_01_rep_117,0.0,CONSENSUS,True,7,0,0,STRONG,False,3640,0.35
trial_MSCoRe_mscore_sample_01_rep_117_d33_d1bc91,MSCoRe,mscore_sample_01_rep_117,0.33,DEADLOCK,False,9,1,0,STRONG,False,4680,0.45
trial_MSCoRe_mscore_sample_01_rep_117_d66_ea404d,MSCoRe,mscore_sample_01_rep_117,0.66,RESOLVED,True,9,1,1,ULTRA_STRONG,True,5530,0.45
trial_MSCoRe_mscore_sample_01_rep_117_d100_25ca98,MSCoRe,mscore_sample_01_rep_117,1.0,CONSENSUS,True,6,0,0,ULTRA_STRONG,True,3120,0.3
trial_MSCoRe_mscore_sample_02_rep_118_d0_8ed4b5,MSCoRe,mscore_sample_02_rep_118,0.0,CONSENSUS,True,4,0,0,STRONG,False,2080,0.2
trial_MSCoRe_mscore_sample_02_rep_118_d33_b56560,MSCoRe,mscore_sample_02_rep_118,0.33,RESOLVED,True,9,1,1,ULTRA_STRONG,True,5530,0.45
trial_MSCoRe_mscore_sample_02_rep_118_d66_a1ca49,MSCoRe,mscore_sample_02_rep_118,0.66,CONSENSUS,True,8,0,0,ULTRA_STRONG,True,4160,0.4
trial_MSCoRe_mscore_sample_02_rep_118_d100_c4162a,MSCoRe,mscore_sample_02_rep_118,1.0,CONSENSUS,True,7,0,0,ULTRA_STRONG,True,3640,0.35
trial_MSCoRe_mscore_sample_03_rep_119_d0_709920,MSCoRe,mscore_sample_03_rep_119,0.0,CONSENSUS,True,5,0,0,STRONG,False,2600,0.25
trial_MSCoRe_mscore_sample_03_rep_119_d33_9d2d20,MSCoRe,mscore_sample_03_rep_119,0.33,DEADLOCK,False,4,1,0,STRONG,False,2080,0.2
trial_MSCoRe_mscore_sample_03_rep_119_d66_b1af6a,MSCoRe,mscore_sample_03_rep_119,0.66,CONSENSUS,True,4,0,0,ULTRA_STRONG,True,2080,0.2
trial_MSCoRe_mscore_sample_03_rep_119_d100_554162,MSCoRe,mscore_sample_03_rep_119,1.0,CONSENSUS,True,6,0,0,ULTRA_STRONG,True,3120,0.3
trial_MSCoRe_mscore_sample_04_rep_120_d0_9f4119,MSCoRe,mscore_sample_04_rep_120,0.0,CONSENSUS,True,5,0,0,STRONG,False,2600,0.25
trial_MSCoRe_mscore_sample_04_rep_120_d33_3b946c,MSCoRe,mscore_sample_04_rep_120,0.33,CONSENSUS,True,6,0,0,STRONG,False,3120,0.3
trial_MSCoRe_mscore_sample_04_rep_120_d66_6b2697,MSCoRe,mscore_sample_04_rep_120,0.66,RESOLVED,True,6,1,1,ULTRA_STRONG,True,3970,0.3
trial_MSCoRe_mscore_sample_04_rep_120_d100_f787f5,MSCoRe,mscore_sample_04_rep_120,1.0,CONSENSUS,True,6,0,0,ULTRA_STRONG,True,3120,0.3
trial_MSCoRe_mscore_sample_01_rep_121_d0_061e91,MSCoRe,mscore_sample_01_rep_121,0.0,DEADLOCK,False,4,1,0,STRONG,False,2080,0.2
trial_MSCoRe_mscore_sample_01_rep_121_d33_a117a1,MSCoRe,mscore_sample_01_rep_121,0.33,CONSENSUS,True,8,0,0,STRONG,False,4160,0.4
trial_MSCoRe_mscore_sample_01_rep_121_d66_28566a,MSCoRe,mscore_sample_01_rep_121,0.66,CONSENSUS,True,10,0,0,ULTRA_STRONG,True,5200,0.5
trial_MSCoRe_mscore_sample_01_rep_121_d100_db441a,MSCoRe,mscore_sample_01_rep_121,1.0,RESOLVED,True,9,1,2,ULTRA_STRONG,True,6380,0.45
trial_MSCoRe_mscore_sample_02_rep_122_d0_c28747,MSCoRe,mscore_sample_02_rep_122,0.0,CONSENSUS,True,6,0,0,STRONG,False,3120,0.3
trial_MSCoRe_mscore_sample_02_rep_122_d33_769a71,MSCoRe,mscore_sample_02_rep_122,0.33,RESOLVED,True,4,1,1,ULTRA_STRONG,True,2930,0.2
trial_MSCoRe_mscore_sample_02_rep_122_d66_2355e8,MSCoRe,mscore_sample_02_rep_122,0.66,RESOLVED,True,10,1,1,ULTRA_STRONG,True,6050,0.5
trial_MSCoRe_mscore_sample_02_rep_122_d100_810f01,MSCoRe,mscore_sample_02_rep_122,1.0,CONSENSUS,True,5,0,0,ULTRA_STRONG,True,2600,0.25
trial_MSCoRe_mscore_sample_03_rep_123_d0_474526,MSCoRe,mscore_sample_03_rep_123,0.0,CONSENSUS,True,8,0,0,STRONG,False,4160,0.4
trial_MSCoRe_mscore_sample_03_rep_123_d33_fe3a34,MSCoRe,mscore_sample_03_rep_123,0.33,CONSENSUS,True,10,0,0,STRONG,False,5200,0.5
trial_MSCoRe_mscore_sample_03_rep_123_d66_9245ae,MSCoRe,mscore_sample_03_rep_123,0.66,CONSENSUS,True,9,0,0,ULTRA_STRONG,True,4680,0.45
trial_MSCoRe_mscore_sample_03_rep_123_d100_6ec8d4,MSCoRe,mscore_sample_03_rep_123,1.0,RESOLVED,True,6,1,2,ULTRA_STRONG,True,4820,0.3
trial_MSCoRe_mscore_sample_04_rep_124_d0_47b9b0,MSCoRe,mscore_sample_04_rep_124,0.0,CONSENSUS,True,4,0,0,STRONG,False,2080,0.2
trial_MSCoRe_mscore_sample_04_rep_124_d33_5f1941,MSCoRe,mscore_sample_04_rep_124,0.33,RESOLVED,True,7,1,1,ULTRA_STRONG,True,4490,0.35
trial_MSCoRe_mscore_sample_04_rep_124_d66_fae99e,MSCoRe,mscore_sample_04_rep_124,0.66,CONSENSUS,True,6,0,0,ULTRA_STRONG,True,3120,0.3
trial_MSCoRe_mscore_sample_04_rep_124_d100_0ba543,MSCoRe,mscore_sample_04_rep_124,1.0,RESOLVED,True,9,1,2,ULTRA_STRONG,True,6380,0.45
trial_MSCoRe_mscore_sample_01_rep_125_d0_c53106,MSCoRe,mscore_sample_01_rep_125,0.0,DEADLOCK,False,6,1,0,STRONG,False,3120,0.3
trial_MSCoRe_mscore_sample_01_rep_125_d33_1c3d85,MSCoRe,mscore_sample_01_rep_125,0.33,DEADLOCK,False,8,1,0,STRONG,False,4160,0.4
trial_MSCoRe_mscore_sample_01_rep_125_d66_5aa238,MSCoRe,mscore_sample_01_rep_125,0.66,CONSENSUS,True,8,0,0,ULTRA_STRONG,True,4160,0.4
trial_MSCoRe_mscore_sample_01_rep_125_d100_9cb6ee,MSCoRe,mscore_sample_01_rep_125,1.0,CONSENSUS,True,9,0,0,ULTRA_STRONG,True,4680,0.45
