session_id,benchmark_name,task_id,counterfactual_density,final_status,consensus_reached,turns_taken,deadlock_count,counterfactual_interventions,intelligibility_level,is_ultra_strong,total_token_cost,duration_seconds
trial_MSCoRe_mscore_sample_01_d0_3d738f,MSCoRe,mscore_sample_01,0.0,DEADLOCK,False,5,1,0,STRONG,False,2600,0.25
trial_MSCoRe_mscore_sample_01_d33_bf4717,MSCoRe,mscore_sample_01,0.33,CONSENSUS,True,6,0,0,STRONG,False,3120,0.3
trial_MSCoRe_mscore_sample_01_d66_e491d9,MSCoRe,mscore_sample_01,0.66,CONSENSUS,True,8,0,0,ULTRA_STRONG,True,4160,0.4
trial_MSCoRe_mscore_sample_01_d100_94807c,MSCoRe,mscore_sample_01,1.0,CONSENSUS,True,9,0,0,ULTRA_STRONG,True,4680,0.45
trial_MSCoRe_mscore_sample_02_d0_7abe99,MSCoRe,mscore_sample_02,0.0,CONSENSUS,True,5,0,0,STRONG,False,2600,0.25
trial_MSCoRe_mscore_sample_02_d33_7d39df,MSCoRe,mscore_sample_02,0.33,DEADLOCK,False,5,1,0,STRONG,False,2600,0.25
trial_MSCoRe_mscore_sample_02_d66_2a966e,MSCoRe,mscore_sample_02,0.66,DEADLOCK,False,7,1,0,STRONG,False,3640,0.35
trial_MSCoRe_mscore_sample_02_d100_7da2bb,MSCoRe,mscore_sample_02,1.0,RESOLVED,True,4,1,2,ULTRA_STRONG,True,3780,0.2
trial_MSCoRe_mscore_sample_03_d0_eb3fa4,MSCoRe,mscore_sample_03,0.0,DEADLOCK,False,4,1,0,STRONG,False,2080,0.2
trial_MSCoRe_mscore_sample_03_d33_186d5f,MSCoRe,mscore_sample_03,0.33,CONSENSUS,True,8,0,0,STRONG,False,4160,0.4
trial_MSCoRe_mscore_sample_03_d66_26b7d1,MSCoRe,mscore_sample_03,0.66,RESOLVED,True,5,1,1,ULTRA_STRONG,True,3450,0.25
trial_MSCoRe_mscore_sample_03_d100_cf52ee,MSCoRe,mscore_sample_03,1.0,CONSENSUS,True,7,0,0,ULTRA_STRONG,True,3640,0.35
trial_MSCoRe_mscore_sample_04_d0_144f33,MSCoRe,mscore_sample_04,0.0,CONSENSUS,True,10,0,0,STRONG,False,5200,0.5
trial_MSCoRe_mscore_sample_04_d33_f66060,MSCoRe,mscore_sample_04,0.33,CONSENSUS,True,5,0,0,STRONG,False,2600,0.25
trial_MSCoRe_mscore_sample_04_d66_df3630,MSCoRe,mscore_sample_04,0.66,CONSENSUS,True,6,0,0,ULTRA_STRONG,True,3120,0.3
trial_MSCoRe_mscore_sample_04_d100_d79bc1,MSCoRe,mscore_sample_04,1.0,RESOLVED,True,10,1,2,ULTRA_STRONG,True,6900,0.5
